"city","country_iso","test_time","asn","packet_loss_rate","download_throughput_mbps","download_latency_ms","download_jitter","download_bytes","upload_throughput_mbps","upload_latency_ms","upload_jitter","upload_bytes"
"Curitiba","BR","2025-05-05 14:10:25+02",16735,0.0,89.59798,80,69.19,100000000,23.03725,127,69.66,100000
"São Paulo","BR","2025-05-07 20:17:21+02",10429,0.0,48.33715,8,140.3,100000,32.03187,8,46.74,100000
"Campinas","BR","2025-05-07 13:11:58+02",16735,0.025,69.8899,31,155.26,1000000,116.69086,56,129.3,1000000
"São Paulo","BR","2025-05-06 17:11:36+02",16735,0.0,233.30489,17,39.71,1000000,21.50883,16,1.18,1000000
"Curitiba","BR","2025-05-05 14:58:10+02",16735,0.0,125.96988,21,29.52,25000000,62.47086,193,125.89,1000000
"Curitiba","BR","2025-05-05 14:57:05+02",16735,0.231,84.32438,31,29.06,1000000,60.13463,121,60.49,1000000
"São Paulo","BR","2025-05-07 19:06:31+02",10429,0.254,395.07366,4,5.37,10000000,215.23799,5,2.21,50000000
"Curitiba","BR","2025-05-05 14:12:44+02",16735,0.0,180.64055,24,10.65,1000000,145.12635,36,46.02,1000000
"São Paulo","BR","2025-05-07 19:24:30+02",10429,0.0,346.60652,4,2.37,100000000,123.31288,5,2.52,1000000
"Curitiba","BR","2025-05-05 14:11:20+02",16735,0.0,18.65362,76,55.72,1000000,33.92405,63,68.73,1000000
"Curitiba","BR","2025-05-05 14:04:02+02",16735,0.0,394.20379,8,23.48,1000000,177.09251,13,21.12,1000000
"São Paulo","BR","2025-05-07 17:42:37+02",10429,0.338,71.00842,12,327.63,100000,24.34003,8,51.9,10000000
"Ribeirão Preto","BR","2025-05-07 12:51:03+02",16735,0.169,19.4286,17,1.06,100000,26.57412,18,4.92,10000000
"Curitiba","BR","2025-05-05 13:59:03+02",16735,0.0,370.48266,8,2.41,1000000,296.67897,20,12.64,1000000
"São Paulo","BR","2025-05-05 13:42:24+02",10429,0.0,58.89025,17,4.49,10000000,38.17664,11,20.82,1000000
"São Paulo","BR","2025-05-05 13:14:18+02",16735,0.15,317.55548,15,2.16,1000000,209.92167,17,4.84,1000000
"Porto Alegre","BR","2025-05-06 14:04:49+02",16735,0.022,217.45718,17,97.63,1000000,141.30053,39,5.41,1000000
"Porto Alegre","BR","2025-05-06 14:11:47+02",16735,0.309,257.50272,18,27.67,25000000,131.25245,40,35.41,25000000
"Fortaleza","BR","2025-05-07 18:46:33+02",14593,0.298,24.30862,85,11.51,1000000,5.39308,83,119.19,1000000
"São Paulo","BR","2025-05-06 14:40:54+02",16735,0.0,254.14652,17,26.04,100000000,30.91119,17,1.02,1000000
"São Paulo","BR","2025-05-05 15:07:40+02",9009,0.0,11.99581,149,17.22,1000000,50.95057,113,32.28,1000000
"São Paulo","BR","2025-05-07 18:03:43+02",10429,0.127,132.18054,26,17.61,25000000,153.43511,97,44.51,1000000
"Brasília","BR","2025-05-07 18:21:21+02",16735,0.335,101.68204,71,68.92,1000000,66.77741,84,311.35,1000000
"Brasília","BR","2025-05-07 18:39:58+02",16735,0.152,61.79452,53,38.72,1000000,63.86021,152,182.07,1000000
"Cravinhos","BR","2025-05-07 18:53:15+02",16735,0.0,186.53582,29,2.31,1000000,139.92343,40,10.43,10000000
"São Paulo","BR","2025-05-06 13:58:05+02",10429,0.177,130.75808,9,36.07,1000000,109.38775,9,1.1,1000000
"Rio de Janeiro","BR","2025-05-06 13:56:22+02",9009,0.013,6.75536,56,17.54,1000000,6.41148,50,2.72,100000
"São Paulo","BR","2025-05-07 17:41:44+02",10429,0.0,65.76996,128,128.95,100000,29.02527,8,67.99,100000
"São Paulo","BR","2025-05-07 17:40:13+02",10429,0.586,54.60914,9,122.84,10000000,29.88848,14,88.74,100000
"São Paulo","BR","2025-05-07 17:33:33+02",10429,0.225,0.76506,215,219.59,100000,10.40104,8,161.85,100000
"São Paulo","BR","2025-05-07 06:54:24+02",9009,0.0404,9.2763,906,4589.75,100000,21.15789,27,18.03,100000
"Curitiba","BR","2025-05-05 15:17:27+02",16735,0.0,107.70389,36,24.98,1000000,85.44102,65,91.24,1000000
"Curitiba","BR","2025-05-05 17:31:59+02",16735,0.0,59.32099,51,20.5,1000000,23.57771,200,237.79,100000
"Belo Horizonte","BR","2025-05-05 15:03:44+02",16735,0.0,10.236,137,185.53,1000000,3.53096,98,40.74,1000000
"Curitiba","BR","2025-05-05 15:02:45+02",16735,0.0,117.33736,32,20.83,1000000,70.52632,78,67.23,1000000
"São Paulo","BR","2025-05-06 19:54:16+02",15830,0.0,37.14819,77,322.54,100000,0.40997,418,249.04,1000000
"Belo Horizonte","BR","2025-05-05 12:05:50+02",16735,0.0,18.86469,152,44.93,1000000,3.50007,121,47.64,1000000
"São Paulo","BR","2025-05-07 15:48:39+02",10429,0.285,151.27391,37,14.52,1000000,176.31579,63,51.69,1000000
"São Paulo","BR","2025-05-05 15:05:46+02",14593,0.016,51.5951,39,16.62,1000000,8.13683,25,8.43,1000000
"Curitiba","BR","2025-05-05 17:25:58+02",16735,0.0,416.79382,10,6.29,1000000,237.16814,9,24.82,1000000
"Rio de Janeiro","BR","2025-05-06 11:24:09+02",52468,0.0,82.60443,15,2.37,10000000,65.63265,6,1.76,1000000
"Rio de Janeiro","BR","2025-05-06 11:25:13+02",52468,0.02,84.41332,16,2.72,1000000,79.0405,5,1.3,25000000
"Rio de Janeiro","BR","2025-05-06 11:26:28+02",52468,0.0,85.4047,16,4.02,1000000,62.37393,6,1.87,1000000
"Rio de Janeiro","BR","2025-05-06 11:27:53+02",52468,0.0,84.50257,16,4.76,1000000,82.37705,6,2.41,1000000
"São Paulo","BR","2025-05-06 16:23:40+02",16735,0.0,150.13879,17,62.48,1000000,30.66362,17,3.46,1000000
"São Paulo","BR","2025-05-05 03:01:19+02",10429,0.0,24.95328,25,16.88,92929901,20.09649,64,34.35,99614720
"São Paulo","BR","2025-05-07 21:17:19+02",10429,0.0,128.37355,26,9.39,10000000,94.37727,123,53.5,10000000
"Rio de Janeiro","BR","2025-05-07 20:39:31+02",16735,0.0,115.39361,9,1.78,10000000,71.65775,9,6.58,1000000
"Accra","GH","2025-05-05 09:16:12+02",29614,0.0,84.49615,7,28.64,25000000,80.31968,86,7.49,1000000
"Accra","GH","2025-05-05 09:53:46+02",29614,0.0,430.23836,4,2.55,1000000,84.01254,81,10.97,1000000
"Accra","GH","2025-05-05 09:57:25+02",29614,0.0,11.86981,61,48.32,100000,29.98881,75,23.33,1000000
"Accra","GH","2025-05-06 11:26:54+02",29614,0.0,70.5056,26,21.97,1000000,65.73998,46,377.99,1000000
"Accra","GH","2025-05-06 05:55:09+02",29614,0.0,23.77422,64,30.64,1000000,64.52648,53,11.92,1000000
"Accra","GH","2025-05-05 11:06:51+02",29614,0.0,45.8065,36,27.27,1000000,27.8297,123,9.3,1000000
"Accra","GH","2025-05-05 07:14:20+02",37282,0.005,26.64802,105,66.94,1000000,4.31632,103,1.12,1000000
"Accra","GH","2025-05-05 03:32:17+02",29614,0.0,72.60933,74,69.24,25000000,63.70234,59,39.82,25000000
"Accra","GH","2025-05-07 21:55:21+02",29614,0.0,89.91457,50,31.53,1000000,71.78571,62,27.63,1000000
"Accra","GH","2025-05-06 22:00:13+02",29614,0.0,75.06941,75,61.84,1000000,29.13043,361,250.13,100000
"Accra","GH","2025-05-05 11:10:53+02",29614,0.004,57.40595,73,545.29,1000000,14.43447,40,5.32,100000
"Accra","GH","2025-05-06 04:56:17+02",29614,0.0,288.35409,6,7.3,25000000,90.18508,82,6.48,10000000
"Accra","GH","2025-05-05 06:44:27+02",29614,0.0,19.79322,137,123.11,1000000,14.46824,119,40.71,1000000
"Accra","GH","2025-05-07 09:11:49+02",37282,0.044,16.40903,12,47.2,100000,5.60084,12,31.95,1000000
"Accra","GH","2025-05-06 09:01:56+02",37282,0.537,9.5883,15,59.29,1000000,14.51263,12,92.5,100000
"Accra","GH","2025-05-05 10:07:10+02",29614,0.0,474.38916,7,92.39,25000000,82.71945,68,19.66,25000000
"Accra","GH","2025-05-07 11:21:53+02",29614,0.01,45.83273,83,125.27,1000000,16.20968,92,38.21,100000
"Accra","GH","2025-05-07 11:24:19+02",29614,0.001,16.24293,55,147.63,100000,27.86828,112,19.78,1000000
"Accra","GH","2025-05-07 11:26:17+02",29614,0.002,41.2495,67,51.77,1000000,23.17003,42,79.03,100000
"Accra","GH","2025-05-05 11:57:17+02",37282,0.179,1.73565,74,78.95,1000000,20.39057,12,40.93,1000000
"Accra","GH","2025-05-06 12:12:48+02",37282,0.145,7.48587,107,79.53,1000000,4.16796,103,37.74,1000000
"Accra","GH","2025-05-05 09:07:40+02",29614,0.033,80.02384,77,43.16,1000000,75.84906,125,6.85,1000000
"Accra","GH","2025-05-07 16:31:02+02",29614,0.0,71.57778,12,2.48,1000000,46.26273,91,63.73,10000000
"Accra","GH","2025-05-05 03:39:19+02",14593,0.205,43.23285,70,72.02,1000000,6.25681,38,14.81,100000
"Accra","GH","2025-05-07 09:01:36+02",37282,0.0,6.46293,12,55.19,1000000,18.32688,13,28.84,1000000
"Accra","GH","2025-05-06 10:52:37+02",37282,0.041,8.34453,105,74.79,1000000,2.96679,105,2.42,100000
"Accra","GH","2025-05-05 17:44:27+02",37282,0.163,13.58641,11,26.41,1000000,7.71223,73,27.78,1000000
"Accra","GH","2025-05-06 11:07:44+02",29614,0.001,59.18938,50,30.85,1000000,30.2142,80,127.96,1000000
"Accra","GH","2025-05-07 08:56:41+02",37282,0.0,31.1256,11,39.38,1000000,35.01742,11,49.71,1000000
"Accra","GH","2025-05-07 08:58:00+02",37282,0.002,36.54412,11,66.06,10000000,38.05017,10,1.78,1000000
"Accra","GH","2025-05-05 03:29:19+02",14593,0.01,4.11922,145,289.23,1000000,2.94672,115,182.54,10000000
"Accra","GH","2025-05-06 11:08:19+02",29614,0.0,26.74664,75,57.35,100000,28.14141,115,48.35,1000000
"Accra","GH","2025-05-06 11:09:37+02",29614,0.0,64.24348,39,54.29,10000000,47.32195,54,160.8,10000000
"Accra","GH","2025-05-06 11:11:42+02",29614,0.003,53.18506,29,21.35,25000000,24.51967,24,3.47,1000000
"Accra","GH","2025-05-06 03:54:05+02",29614,0.0,24.2644,65,48.88,1000000,56.61972,77,18.16,1000000
"Accra","GH","2025-05-06 11:21:28+02",29614,0.035,13.09936,57,68.36,1000000,27.35624,119,85.46,1000000
"Accra","GH","2025-05-06 03:57:39+02",29614,0.0,15.32734,113,62.1,1000000,24.93796,188,16.34,1000000
"Accra","GH","2025-05-06 11:22:21+02",29614,0.0,21.628,94,85.05,100000,18.23129,107,236.0,100000
"Accra","GH","2025-05-05 09:03:33+02",37282,0.354,0.84483,106,55.18,1000000,1.85638,108,81.54,100000
"Accra","GH","2025-05-06 13:10:03+02",14593,0.389,17.51072,112,10.34,1000000,1.54824,109,8.5,100000
"Accra","GH","2025-05-07 07:30:52+02",29614,0.0,40.01196,171,137.54,1000000,22.16097,376,296.85,1000000
"Accra","GH","2025-05-06 16:46:57+02",29614,0.0156,16.84403,150,414.68,10000000,9.51479,149,588.03,100000
"Accra","GH","2025-05-06 06:53:05+02",29614,0.0,79.54668,6,2.67,1000000,84.81013,79,32.31,1000000
"Guatemala City","GT","2025-05-06 18:53:05+02",23243,0.0,36.49063,88,112.81,1000000,25.84378,76,17.75,1000000
"Guatemala City","GT","2025-05-06 01:21:31+02",52286,0.0,53.27828,28,10.79,1000000,15.67252,29,22.53,100000
"Guatemala City","GT","2025-05-06 01:26:29+02",52286,0.0,58.97127,31,3.37,1000000,18.87324,33,3.78,100000
"Guatemala City","GT","2025-05-06 06:06:58+02",22869,0.0,55.3799,53,114.19,1000000,54.39784,18,15.64,1000000
"Guatemala City","GT","2025-05-06 02:46:47+02",23243,0.0,2.007,46,25.82,100000,20.71631,141,51.12,1000000
"Guatemala City","GT","2025-05-07 22:14:21+02",52468,0.02,55.96083,44,249.21,1000000,38.91578,32,9.51,1000000
"Guatemala City","GT","2025-05-07 22:19:44+02",52468,0.0,49.24551,47,8.87,1000000,46.50625,45,3.9,25000000
"Guatemala City","GT","2025-05-07 22:56:12+02",52286,0.28,37.46439,54,18.43,1000000,16.78497,30,20.43,100000
NULL,"GT","2025-05-06 00:13:39+02",52286,0.0,31.19844,44,22.96,1000000,36.61202,39,11.14,1000000
"Guatemala City","GT","2025-05-07 02:46:44+02",22869,0.0,144.46865,22,14.82,25000000,194.2029,50,21.98,1000000
"Guatemala City","GT","2025-05-05 22:09:05+02",52468,0.0,79.70522,33,5.87,1000000,74.10821,10,8.33,10000000
"Guatemala City","GT","2025-05-05 22:10:16+02",52468,0.0,74.09626,8,3.57,1000000,71.59395,30,19.99,1000000
"Guatemala City","GT","2025-05-05 21:23:43+02",52286,0.0,15.44864,56,5.92,1000000,14.77941,56,1.42,100000
"Guatemala City","GT","2025-05-05 21:32:21+02",23243,0.0,5.15761,16,4.47,1000000,3.97823,16,2.89,1000000
"Guatemala City","GT","2025-05-05 21:46:03+02",23243,0.003,16.00906,67,24.84,1000000,4.44199,313,256.56,100000
"Guatemala City","GT","2025-05-05 21:59:44+02",52468,0.0,60.94739,31,6.38,1000000,15.22727,31,5.52,100000
"Guatemala City","GT","2025-05-06 22:38:52+02",22869,0.0,141.17242,22,14.14,10000000,196.09756,30,35.09,1000000
"Guatemala City","GT","2025-05-07 10:11:11+02",23243,0.0,34.7628,62,12.77,1000000,12.62166,130,18.39,100000
"Guatemala City","GT","2025-05-05 20:52:26+02",22869,0.0,141.6222,23,11.42,10000000,190.52133,17,6.57,1000000
"Guatemala City","GT","2025-05-06 21:00:23+02",22869,0.0,114.58171,26,11.89,25000000,150.05599,17,7.24,10000000
"Guatemala City","GT","2025-05-06 19:52:36+02",23243,0.0,9.79114,67,191.61,10000000,2.08506,44,88.97,100000
"Guatemala City","GT","2025-05-06 19:59:43+02",23243,0.069,9.84342,44,45.44,10000000,1.83098,38,74.6,1000000
"Guatemala City","GT","2025-05-06 20:01:44+02",23243,0.105,9.20139,37,66.05,10000000,1.93642,34,236.45,1000000
"Guatemala City","GT","2025-05-06 20:02:09+02",26617,0.0,43.27956,66,12.72,1000000,84.98943,196,25.62,1000000
"Guatemala City","GT","2025-05-06 20:20:29+02",23243,0.182,10.62783,39,70.64,100000,2.20395,40,301.58,100000
"Guatemala City","GT","2025-05-06 20:50:31+02",23243,0.0,10.03014,37,50.51,10000000,2.00554,34,478.94,1000000
"Guatemala City","GT","2025-05-06 20:52:58+02",23243,0.0,10.00393,38,98.59,10000000,2.17063,37,50.36,100000
"Guatemala City","GT","2025-05-07 21:02:58+02",23243,0.0,26.82664,12,149.81,10000000,15.79568,279,147.43,100000
"Guatemala City","GT","2025-05-07 21:04:04+02",23243,0.117,89.41224,3,33.23,1000000,25.60509,7,136.07,100000
"Guatemala City","GT","2025-05-07 21:38:49+02",52468,0.002,9.42568,51,18.4,1000000,11.91111,144,28.7,100000
"Guatemala City","GT","2025-05-07 21:40:19+02",52468,0.049,9.72607,48,17.01,100000,14.38025,73,44.08,1000000
"Guatemala City","GT","2025-05-07 21:55:44+02",52468,0.0,25.73118,34,3.84,1000000,35.60673,45,3.87,1000000
"Guatemala City","GT","2025-05-06 17:23:59+02",22869,0.0,140.30583,22,13.76,10000000,245.87156,50,56.17,1000000
"Guatemala City","GT","2025-05-06 17:36:45+02",22869,0.0,143.36061,22,18.02,25000000,189.62264,15,19.7,1000000
"Guatemala City","GT","2025-05-07 19:18:34+02",22869,0.012,39.61585,12,35.02,1000000,11.37039,12,2.83,1000000
"Guatemala City","GT","2025-05-07 19:26:54+02",23243,0.0,444.45764,9,41.05,10000000,69.58629,10,3.42,50000000
"Guatemala City","GT","2025-05-07 16:24:40+02",52286,0.0,44.98255,37,42.34,1000000,43.41253,29,1.67,1000000
"Guatemala City","GT","2025-05-07 16:47:39+02",22869,0.0,90.73007,27,9.21,1000000,30.8164,13,0.8,1000000
"Guatemala City","GT","2025-05-07 16:50:32+02",22869,0.421,90.83317,27,35.44,1000000,33.9527,13,1.82,1000000
"Guatemala City","GT","2025-05-07 16:51:31+02",22869,0.0,96.64717,26,9.77,1000000,34.19821,15,1.57,1000000
"Guatemala City","GT","2025-05-06 14:03:48+02",23243,0.0,29.83383,30,88.55,10000000,5.97769,34,115.59,100000
"Guatemala City","GT","2025-05-06 14:16:33+02",52286,0.0,2.97075,62,25.7,100000,4.39825,58,31.84,100000
"Guatemala City","GT","2025-05-06 15:53:40+02",23243,0.026,30.18161,34,39.54,10000000,5.22078,43,140.34,100000
"Guatemala City","GT","2025-05-06 23:22:10+02",14754,0.0,4.92875,434,305.39,100000,9.71836,93,15.89,1000000
"Guatemala City","GT","2025-05-07 03:27:06+02",14754,0.018,12.60558,322,356.53,1000000,4.50673,86,102.79,1000000
"Guatemala City","GT","2025-05-07 03:27:17+02",14754,0.0,19.00807,49,14.74,1000000,13.18033,72,51.68,100000
"Guatemala City","GT","2025-05-07 03:37:22+02",14754,0.0,7.89494,212,1158.05,10000000,7.88235,51,193.37,100000
"Guatemala City","GT","2025-05-07 03:43:19+02",14754,0.0,0.93444,612,1054.68,100000,4.2766,210,487.33,100000
"Guatemala City","GT","2025-05-07 03:51:08+02",14754,0.025,6.97989,141,953.11,100000,7.49301,56,73.47,1000000
"Guatemala City","GT","2025-05-07 22:55:46+02",14754,0.0,129.10433,47,10.0,1000000,72.43243,358,99.8,1000000
"Guatemala City","GT","2025-05-07 22:57:11+02",14754,0.0,121.27964,58,15.89,1000000,19.09739,80,51.58,1000000
"Guatemala City","GT","2025-05-06 00:03:41+02",14754,0.072,123.77918,37,3.22,25000000,6.79054,36,4.23,100000
"Guatemala City","GT","2025-05-06 00:59:15+02",14754,0.0,55.22698,111,53.67,1000000,11.45544,93,13.35,10000000
"Guatemala City","GT","2025-05-07 02:23:24+02",14754,0.0,119.61702,147,64.13,1000000,7.73821,363,133.13,100000
"Guatemala City","GT","2025-05-07 02:39:48+02",14754,0.0,61.98608,86,1.86,1000000,75.70622,41,25.45,1000000
"Guatemala City","GT","2025-05-07 02:45:29+02",14754,0.208,190.53312,87,9.65,1000000,64.26859,86,25.76,1000000
"Guatemala City","GT","2025-05-05 22:29:13+02",14754,0.0,113.18794,99,63.61,1000000,14.86137,97,16.84,100000
"Guatemala City","GT","2025-05-05 22:30:17+02",14754,0.0,122.73591,34,1.88,1000000,16.6805,36,1.95,100000
"Guatemala City","GT","2025-05-05 22:56:33+02",14754,0.164,3.16012,319,995.58,100000,0.30501,2019,376.67,100000
"Guatemala City","GT","2025-05-05 21:24:04+02",14754,0.0,19.57088,156,124.61,1000000,7.78466,613,145.0,10000000
"Guatemala City","GT","2025-05-06 22:11:50+02",14754,0.0,99.90507,108,64.83,1000000,13.35837,219,114.84,10000000
"Guatemala City","GT","2025-05-07 11:57:24+02",14754,0.0,84.32456,66,94.92,1000000,13.65025,41,6.36,100000
"Guatemala City","GT","2025-05-05 08:56:44+02",14754,0.001,40.012,120,64.86,1000000,18.58959,265,65.35,1000000
"Guatemala City","GT","2025-05-05 20:18:42+02",14754,0.006,135.8641,158,66.91,1000000,112.92135,78,40.61,1000000
"Guatemala City","GT","2025-05-05 18:01:16+02",14754,0.154,51.62839,77,10.54,1000000,46.36678,55,32.66,1000000
"Guatemala City","GT","2025-05-05 18:30:49+02",14754,0.0,46.33704,47,13.01,1000000,47.54583,39,84.38,1000000
"Guatemala City","GT","2025-05-05 18:34:00+02",14754,0.02,70.38157,40,8.47,1000000,58.60058,94,33.21,1000000
"Guatemala City","GT","2025-05-05 18:53:44+02",14754,0.118,14.43174,228,254.04,1000000,2.313,217,248.1,100000
"Guatemala City","GT","2025-05-06 19:02:47+02",14754,0.159,64.2763,276,97.08,1000000,10.14703,109,18.48,10000000
"Guatemala City","GT","2025-05-06 19:38:40+02",14754,0.224,82.14325,168,163.37,25000000,15.18414,107,49.23,10000000
"Guatemala City","GT","2025-05-05 12:02:50+02",14754,0.0,69.16495,54,19.9,1000000,65.20681,180,93.97,1000000
"Guatemala City","GT","2025-05-05 12:08:21+02",14754,0.0,76.79843,69,56.13,1000000,14.46043,41,6.6,100000
"Guatemala City","GT","2025-05-05 12:55:35+02",14754,0.033,59.32096,106,31.91,1000000,7.53656,94,10.78,1000000
"Quetzaltenango","GT","2025-05-06 20:41:00+02",14754,0.198,35.80491,87,36.23,1000000,9.7727,89,4.59,1000000
"Guatemala City","GT","2025-05-06 18:02:18+02",14754,0.468,122.36069,126,95.68,1000000,12.13768,45,6.2,1000000
"Guatemala City","GT","2025-05-06 18:32:36+02",14754,0.057,50.52018,86,35.42,1000000,19.70588,155,49.45,1000000
"Guatemala City","GT","2025-05-06 18:59:30+02",14754,0.103,150.4215,40,12.48,1000000,26.5961,38,38.05,1000000
"Guatemala City","GT","2025-05-07 21:09:24+02",14754,0.0,4.52311,215,307.11,100000,7.37615,187,166.81,100000
"Guatemala City","GT","2025-05-07 13:04:17+02",14754,0.0,115.977,35,15.89,1000000,15.16981,37,8.76,100000
"Guatemala City","GT","2025-05-07 13:42:28+02",14754,0.0,101.55321,419,167.59,1000000,15.1498,46,6.16,1000000
"Guatemala City","GT","2025-05-07 13:49:31+02",14754,0.147,47.71855,109,54.52,1000000,12.5625,41,9.78,100000
"Guatemala City","GT","2025-05-07 13:54:23+02",14754,0.244,8.40825,58,10.11,1000000,17.81125,59,307.16,10000000
"Guatemala City","GT","2025-05-06 17:05:42+02",14754,0.0,45.05855,43,26.48,1000000,15.03928,43,63.39,1000000
"Guatemala City","GT","2025-05-06 17:07:15+02",14754,0.0,60.99383,68,38.64,1000000,23.08355,43,5.55,1000000
"Guatemala City","GT","2025-05-06 17:08:03+02",14754,0.0,45.05849,47,9.52,1000000,18.47129,91,16.77,10000000
"Guatemala City","GT","2025-05-06 17:12:58+02",14754,0.16,62.66566,95,26.04,1000000,26.54341,43,9.18,1000000
"Guatemala City","GT","2025-05-06 17:19:47+02",14754,0.001,64.01915,108,58.11,1000000,13.79121,78,98.03,10000000
"Guatemala City","GT","2025-05-06 17:33:53+02",14754,0.0,54.03372,146,85.43,1000000,11.22215,72,57.77,10000000
"Guatemala City","GT","2025-05-06 17:52:19+02",14754,0.227,155.99241,32,38.02,1000000,141.79894,31,2.12,1000000
"Guatemala City","GT","2025-05-06 17:53:16+02",14754,0.246,190.53251,30,12.69,1000000,95.94272,29,4.39,1000000
"Guatemala City","GT","2025-05-06 17:59:36+02",14754,0.0,74.99899,39,4.51,1000000,36.05381,75,25.86,1000000
"Guatemala City","GT","2025-05-07 23:16:17+02",14754,0.0,13.75455,204,85.65,1000000,4.81437,447,222.85,1000000
"Guatemala City","GT","2025-05-07 23:23:00+02",14754,0.0,42.35244,130,92.63,1000000,8.95223,54,59.79,10000000
"Guatemala City","GT","2025-05-07 23:25:55+02",14754,0.0,14.71571,282,137.76,1000000,4.55266,463,286.15,100000
"Guatemala City","GT","2025-05-07 23:31:29+02",14754,0.0,15.1741,189,116.28,10000000,3.28163,117,32.71,100000
"Guatemala City","GT","2025-05-07 23:39:26+02",14754,0.13,10.47435,163,73.04,1000000,5.23778,413,308.91,100000
"Guatemala City","GT","2025-05-07 23:43:12+02",14754,0.487,11.24564,182,66.0,1000000,4.6415,494,244.99,1000000
"Guatemala City","GT","2025-05-07 23:45:44+02",14754,0.0,11.77198,147,65.07,10000000,4.56041,428,420.02,100000
"Guatemala City","GT","2025-05-07 23:50:35+02",14754,0.061,13.92206,167,79.85,1000000,4.62734,360,263.66,1000000
"Guatemala City","GT","2025-05-07 19:33:57+02",14754,0.0,66.704,109,43.89,1000000,12.01794,302,113.42,1000000
"Guatemala City","GT","2025-05-07 16:14:57+02",14754,0.262,57.98842,46,24.26,1000000,65.52567,300,127.68,1000000
"Guatemala City","GT","2025-05-06 14:00:05+02",14754,0.0,68.80826,51,43.61,1000000,64.57831,50,12.48,1000000
"Guatemala City","GT","2025-05-06 14:01:11+02",14754,0.0,66.19024,85,31.56,1000000,7.94466,85,0.98,100000
"Guatemala City","GT","2025-05-06 14:46:08+02",14754,0.0,65.59342,38,2.48,1000000,14.4086,90,1.02,100000
"Guatemala City","GT","2025-05-06 14:51:21+02",14754,0.159,124.64786,92,2.26,1000000,16.11222,87,3.57,100000
"Guatemala City","GT","2025-05-06 15:06:09+02",14754,0.09,67.53086,74,81.04,1000000,12.48447,79,7.32,100000
"Guatemala City","GT","2025-05-06 15:07:08+02",14754,0.269,85.95471,81,83.38,1000000,19.67695,81,6.17,10000000
"Guatemala City","GT","2025-05-06 15:09:27+02",14754,0.205,48.00476,124,94.02,1000000,18.25613,70,9.53,1000000
"Guatemala City","GT","2025-05-06 15:12:35+02",14754,0.0,19.53711,120,137.47,1000000,36.6237,105,44.9,10000000
"Guatemala City","GT","2025-05-06 15:13:04+02",14754,0.28,70.25804,748,228.16,1000000,12.62702,71,2.49,10000000
"Guatemala City","GT","2025-05-06 15:16:24+02",14754,0.0,39.28519,67,38.61,1000000,8.5305,700,167.4,1000000
"Guatemala City","GT","2025-05-06 15:24:01+02",14754,0.246,78.76366,166,49.31,1000000,18.17771,74,8.55,1000000
"Guatemala City","GT","2025-05-06 15:25:08+02",14754,0.0,86.88813,276,144.68,1000000,8.91352,76,5.85,100000
"Guatemala City","GT","2025-05-06 15:28:40+02",14754,0.11,73.75483,66,39.96,1000000,11.61682,57,7.66,1000000
"Guatemala City","GT","2025-05-06 15:34:09+02",14754,0.239,57.82085,145,81.79,1000000,12.10114,369,284.23,1000000
"Guatemala City","GT","2025-05-06 15:36:17+02",14754,0.0,39.16503,79,21.89,10000000,7.86447,573,172.53,10000000
"Guatemala City","GT","2025-05-06 15:38:54+02",14754,0.0545,59.40911,155,95.66,1000000,9.78686,110,45.81,10000000
"Guatemala City","GT","2025-05-06 15:39:09+02",14754,0.0,29.35584,71,19.44,1000000,6.99861,216,148.02,10000000
"Guatemala City","GT","2025-05-06 15:42:54+02",14754,0.0,39.28521,80,55.78,1000000,8.96521,846,112.63,1000000
"Guatemala City","GT","2025-05-06 15:45:02+02",14754,0.28,28.63113,65,42.45,1000000,6.41404,209,125.65,1000000
"Guatemala City","GT","2025-05-06 15:49:46+02",14754,0.0,25.25169,114,144.95,10000000,8.0804,78,10.3,100000
"Guatemala City","GT","2025-05-06 15:51:59+02",14754,0.081,31.9457,81,28.64,1000000,7.06571,234,252.73,10000000
"Guatemala City","GT","2025-05-06 15:55:51+02",14754,0.0,24.20135,51,13.91,10000000,7.13816,361,118.42,10000000
"Guatemala City","GT","2025-05-06 15:57:15+02",14754,0.0,35.06746,74,13.17,1000000,7.83244,168,108.41,1000000
"Guatemala City","GT","2025-05-07 18:03:54+02",14754,0.174,105.71173,504,148.01,1000000,10.02744,44,6.06,1000000
"Guatemala City","GT","2025-05-07 18:07:11+02",14754,0.314,26.29773,89,36.52,1000000,62.37393,117,38.49,1000000
"Guatemala City","GT","2025-05-07 18:18:52+02",14754,0.107,46.1766,89,73.77,1000000,7.02183,37,27.54,100000
"Guatemala City","GT","2025-05-07 18:43:01+02",14754,0.206,103.92733,92,64.71,1000000,16.109,57,18.88,1000000
"Guatemala City","GT","2025-05-07 18:45:50+02",14754,0.231,55.26515,75,91.42,1000000,17.42523,47,109.55,1000000
"Guatemala City","GT","2025-05-06 13:00:12+02",14754,0.04,122.92439,35,4.18,1000000,15.46154,35,1.97,100000
"Antigua Guatemala","GT","2025-05-06 13:03:54+02",14754,0.03,61.33726,153,99.28,25000000,12.94477,76,21.14,1000000
"Guatemala City","GT","2025-05-06 13:14:10+02",14754,0.071,76.14069,228,140.28,1000000,9.8123,73,2.69,10000000
"Guatemala City","GT","2025-05-06 13:29:29+02",14754,0.0,76.43158,156,82.74,1000000,8.83516,74,10.18,100000
"Guatemala City","GT","2025-05-06 13:37:29+02",14754,0.0,77.02008,89,80.82,1000000,19.95532,41,6.05,1000000
"Guatemala City","GT","2025-05-06 13:39:04+02",14754,0.0,111.09901,126,116.58,10000000,22.38868,56,6.04,10000000
"Guatemala City","GT","2025-05-05 13:02:02+02",14754,0.001,88.62013,37,21.13,1000000,70.81829,38,8.57,10000000
"Guatemala City","GT","2025-05-05 13:04:52+02",14754,0.0,76.31631,130,92.1,10000000,15.55126,63,7.57,100000
"Guatemala City","GT","2025-05-05 13:04:55+02",14754,0.0114,99.16226,273,157.59,1000000,19.5435,71,8.64,10000000
"Guatemala City","GT","2025-05-05 13:04:55+02",14754,0.0,160.69074,33,2.54,1000000,17.82705,33,3.21,100000
"Guatemala City","GT","2025-05-05 13:08:48+02",14754,0.0227,79.31008,351,90.87,1000000,17.02308,69,6.04,1000000
"Guatemala City","GT","2025-05-05 13:08:48+02",14754,0.0,98.06862,294,155.07,1000000,17.65946,71,8.68,10000000
"Guatemala City","GT","2025-05-05 13:10:26+02",14754,0.0,63.54945,39,31.61,10000000,8.2631,33,2.47,1000000
"Guatemala City","GT","2025-05-05 13:10:29+02",14754,0.0,116.14509,503,198.42,1000000,21.19024,83,10.71,10000000
"Guatemala City","GT","2025-05-05 13:11:36+02",14754,0.197,46.74299,458,226.5,1000000,9.76914,67,2.87,100000
"Guatemala City","GT","2025-05-05 13:15:35+02",14754,0.289,76.57805,249,76.56,1000000,17.99463,46,6.17,1000000
"Guatemala City","GT","2025-05-05 13:16:25+02",14754,0.0,60.98209,43,3.39,10000000,12.64151,76,7.9,100000
"Guatemala City","GT","2025-05-05 19:45:52+02",14754,0.4233,113.67206,632,315.74,10000000,12.64151,81,19.62,100000
"Guatemala City","GT","2025-05-05 19:59:57+02",14754,0.014,39.53755,95,83.58,1000000,11.03547,39,99.04,10000000
"Guatemala City","GT","2025-05-07 12:05:08+02",14754,0.0,71.4501,35,10.18,1000000,65.04854,63,9.25,1000000
"Antigua Guatemala","GT","2025-05-07 12:59:21+02",14754,0.0,27.84412,144,102.42,1000000,8.41532,91,11.25,1000000
"Guatemala City","GT","2025-05-06 12:02:40+02",14754,0.0,68.92682,34,14.46,1000000,64.94346,151,40.03,1000000
"Guatemala City","GT","2025-05-06 12:53:11+02",14754,0.0,95.00343,315,109.81,10000000,21.31552,74,9.62,10000000
"Guatemala City","GT","2025-05-06 12:53:55+02",14754,0.0,104.19782,437,64.42,1000000,15.16981,44,8.67,100000
"Guatemala City","GT","2025-05-06 12:56:57+02",14754,0.0,119.88395,38,16.42,25000000,97.41912,37,4.31,10000000
"Guatemala City","GT","2025-05-05 10:27:22+02",14754,0.0,60.03291,97,76.61,1000000,9.13636,85,59.56,100000
"Guatemala City","GT","2025-05-05 17:15:30+02",14754,0.0,82.29851,100,25.16,10000000,28.27999,37,11.17,1000000
"Guatemala City","GT","2025-05-05 17:28:32+02",14754,0.103,46.70854,35,1.92,10000000,10.5595,35,1.78,1000000
"Guatemala City","GT","2025-05-05 17:40:21+02",14754,0.0,95.494,115,61.49,1000000,10.61414,85,68.91,10000000
"Guatemala City","GT","2025-05-05 17:41:35+02",14754,0.0,58.75475,155,42.56,1000000,10.64309,55,4.55,10000000
"Guatemala City","GT","2025-05-05 17:48:54+02",14754,0.0,58.14127,70,156.39,10000000,13.76712,45,8.66,100000
"Guatemala City","GT","2025-05-07 14:00:27+02",14754,0.198,26.59314,98,94.53,1000000,10.05,178,367.58,100000
"Guatemala City","GT","2025-05-07 14:01:30+02",14754,0.0,96.4146,35,6.19,1000000,62.71451,86,35.64,1000000
"Guatemala City","GT","2025-05-07 14:01:42+02",14754,0.337,153.30203,33,1.52,1000000,15.95238,34,1.82,100000
"Guatemala City","GT","2025-05-07 14:02:50+02",14754,0.221,12.16495,50,33.53,1000000,20.44241,277,92.95,10000000
"Guatemala City","GT","2025-05-07 14:12:53+02",14754,0.173,21.28849,92,125.35,1000000,17.47067,85,42.74,10000000
"Guatemala City","GT","2025-05-07 14:23:21+02",14754,0.068,102.25254,508,193.22,10000000,12.42658,53,6.62,100000
"Guatemala City","GT","2025-05-07 14:32:25+02",14754,0.0,74.51032,453,122.05,1000000,12.82297,69,9.46,100000
"Guatemala City","GT","2025-05-07 14:34:57+02",14754,0.18,77.92014,77,48.73,1000000,20.08494,84,7.82,10000000
"Guatemala City","GT","2025-05-07 14:35:10+02",14754,0.478,39.65507,34,3.59,1000000,24.81252,39,2.99,10000000
"Guatemala City","GT","2025-05-07 14:36:37+02",14754,0.0,79.46758,134,81.55,1000000,17.39657,69,7.79,10000000
"Guatemala City","GT","2025-05-07 14:42:43+02",14754,0.381,51.29744,36,2.91,1000000,19.35251,37,4.66,10000000
"Guatemala City","GT","2025-05-07 14:59:17+02",14754,0.255,45.67583,126,28.03,1000000,43.3657,90,13.74,1000000
"Guatemala City","GT","2025-05-07 17:03:34+02",14754,0.1,17.30623,75,53.14,1000000,20.9266,97,47.33,1000000
"Guatemala City","GT","2025-05-07 17:11:20+02",14754,0.0,138.31674,31,5.47,10000000,105.51181,30,3.03,1000000
"Guatemala City","GT","2025-05-07 17:21:52+02",14754,0.162,27.55645,163,49.97,1000000,12.64151,93,14.86,100000
"Guatemala City","GT","2025-05-07 17:25:17+02",14754,0.288,67.2503,41,152.28,25000000,16.08,89,6.37,100000
"Guatemala City","GT","2025-05-07 17:26:37+02",14754,0.03,68.98615,88,4.47,1000000,11.42597,88,1.59,10000000
"Guatemala City","GT","2025-05-07 17:29:27+02",14754,0.222,57.20078,88,18.16,1000000,8.87613,35,7.65,1000000
"Guatemala City","GT","2025-05-07 17:31:00+02",14754,0.29,60.30448,36,7.01,1000000,15.61165,35,2.78,100000
"Guatemala City","GT","2025-05-07 17:32:54+02",14754,0.236,52.54367,91,41.03,1000000,7.61364,89,5.33,100000
"Guatemala City","GT","2025-05-07 17:48:44+02",14754,0.36,29.1739,153,79.66,1000000,18.6068,92,15.85,1000000
"Guatemala City","GT","2025-05-07 17:54:53+02",14754,0.0,132.4898,296,85.53,1000000,14.10526,92,13.9,100000
"Guatemala City","GT","2025-05-07 17:56:47+02",14754,0.267,76.06959,88,49.76,10000000,14.69835,88,1.25,100000
"Guatemala City","GT","2025-05-07 17:58:56+02",14754,0.21,82.41407,200,113.65,1000000,9.28407,71,44.65,100000
"Guatemala City","GT","2025-05-05 14:03:20+02",14754,0.295,64.6919,87,12.61,1000000,7.62808,88,12.96,100000
"Guatemala City","GT","2025-05-05 14:06:39+02",14754,0.155,8.92549,101,71.32,100000,58.64333,92,11.36,1000000
"Guatemala City","GT","2025-05-05 14:08:05+02",14754,0.022,29.15263,85,37.32,1000000,14.59165,41,40.24,100000
"Guatemala City","GT","2025-05-05 14:09:08+02",14754,0.0,39.479,67,11.59,1000000,14.56522,44,15.12,100000
"Guatemala City","GT","2025-05-05 14:10:08+02",14754,0.158,8.59102,87,11.81,100000,59.86597,91,11.45,1000000
"Guatemala City","GT","2025-05-05 14:11:24+02",14754,0.0,49.79714,69,24.08,1000000,9.05202,41,4.16,1000000
"Guatemala City","GT","2025-05-05 14:22:08+02",14754,0.035,41.91931,39,40.36,1000000,14.34664,36,24.66,10000000
"Guatemala City","GT","2025-05-05 14:22:48+02",14754,0.085,40.70397,37,17.88,1000000,10.69248,90,7.85,10000000
"Guatemala City","GT","2025-05-05 14:33:11+02",14754,0.084,102.20204,317,109.1,1000000,19.02823,51,24.14,10000000
"Guatemala City","GT","2025-05-05 14:35:49+02",14754,0.239,66.465,122,60.86,1000000,49.12024,99,74.16,25000000
"Guatemala City","GT","2025-05-05 14:56:04+02",14754,0.183,23.82375,85,66.97,1000000,7.17575,43,30.87,10000000
"Guatemala City","GT","2025-05-05 14:57:32+02",14754,0.163,29.92669,90,38.62,1000000,9.18542,658,82.6,1000000
"Guatemala City","GT","2025-05-05 14:58:54+02",14754,0.236,24.54723,80,20.65,1000000,8.62476,835,183.79,1000000
"Guatemala City","GT","2025-05-07 20:36:02+02",14754,0.0,113.51078,356,127.15,10000000,16.60814,91,10.74,1000000
"Guatemala City","GT","2025-05-07 20:43:46+02",14754,0.299,93.37684,317,120.66,1000000,15.84236,86,10.72,1000000
"Guatemala City","GT","2025-05-07 20:44:20+02",14754,0.0,54.92388,93,6.59,1000000,6.77338,92,15.29,100000
"Guatemala City","GT","2025-05-07 20:54:08+02",14754,0.324,89.41211,237,88.67,1000000,9.43662,77,45.38,100000
"Guatemala City","GT","2025-05-07 20:55:12+02",14754,0.0,103.25657,435,103.71,1000000,10.3876,62,6.19,100000
"Guatemala City","GT","2025-05-07 20:57:26+02",14754,0.009,120.51773,657,86.06,1000000,10.90909,51,3.62,100000
"Guatemala City","GT","2025-05-07 20:59:08+02",14754,0.213,91.45602,106,54.93,1000000,18.02691,399,243.57,1000000
"Guatemala City","GT","2025-05-06 16:00:23+02",14754,0.069,34.91445,73,22.29,1000000,7.55497,843,189.39,1000000
"Guatemala City","GT","2025-05-06 16:02:01+02",14754,0.0,39.9321,64,17.29,1000000,7.77247,543,164.85,10000000
"Guatemala City","GT","2025-05-06 16:07:55+02",14754,0.274,18.61455,54,17.29,1000000,8.11384,70,59.57,1000000
"Guatemala City","GT","2025-05-06 16:11:45+02",14754,0.0,38.41763,44,17.71,1000000,8.11793,555,37.14,1000000
"Guatemala City","GT","2025-05-06 16:13:00+02",14754,0.0,31.92021,52,20.64,1000000,7.88831,142,118.21,10000000
"Guatemala City","GT","2025-05-06 16:14:39+02",14754,0.0,33.06777,45,17.59,1000000,8.16824,167,241.09,1000000
"Guatemala City","GT","2025-05-06 16:22:29+02",14754,0.122,94.70291,103,47.8,1000000,7.72854,77,20.63,1000000
"Guatemala City","GT","2025-05-06 16:50:22+02",14754,0.0,91.14358,325,78.79,1000000,12.46512,49,15.11,1000000
"Guatemala City","GT","2025-05-06 16:52:20+02",14754,0.0,64.01909,121,85.31,1000000,15.06126,81,8.09,10000000
"Guatemala City","GT","2025-05-06 16:53:36+02",14754,0.02,109.9229,154,89.34,1000000,13.70377,59,22.42,1000000
"Guatemala City","GT","2025-05-06 16:53:57+02",14754,0.0,62.27555,43,7.42,1000000,14.43966,42,4.09,1000000
"Guatemala City","GT","2025-05-06 16:54:51+02",14754,0.11,55.99989,40,13.28,1000000,127.21519,35,6.78,1000000
"Guatemala City","GT","2025-05-06 16:56:20+02",14754,0.004,87.22302,48,9.06,25000000,23.14335,95,9.56,1000000
"Guatemala City","GT","2025-05-07 15:08:11+02",14754,0.196,39.13154,57,20.77,1000000,8.68466,607,221.05,10000000
"Guatemala City","GT","2025-05-07 15:09:57+02",14754,0.347,36.04682,53,24.98,1000000,8.92738,413,149.08,1000000
"Guatemala City","GT","2025-05-07 15:11:13+02",14754,0.326,36.69141,75,21.54,1000000,8.22506,558,194.63,10000000
"Guatemala City","GT","2025-05-07 15:13:04+02",14754,0.01,40.05204,72,19.03,1000000,6.62273,531,143.12,100000
"Guatemala City","GT","2025-05-07 15:14:45+02",14754,0.121,33.59187,77,24.29,10000000,7.15532,46,10.74,10000000
"Guatemala City","GT","2025-05-07 15:16:35+02",14754,0.105,24.82134,57,19.06,1000000,9.05303,485,157.81,1000000
"Guatemala City","GT","2025-05-07 15:18:42+02",14754,0.0,39.45954,56,18.42,1000000,7.66919,455,126.61,10000000
"Guatemala City","GT","2025-05-07 15:20:22+02",14754,0.094,34.28622,45,26.72,1000000,8.52056,866,216.36,1000000
"Guatemala City","GT","2025-05-07 15:21:41+02",14754,0.185,20.29797,44,15.18,10000000,9.06222,827,148.99,1000000
"Guatemala City","GT","2025-05-07 15:23:54+02",14754,0.211,39.99199,52,19.23,1000000,7.48513,462,244.41,10000000
"Guatemala City","GT","2025-05-07 15:25:16+02",14754,0.41,16.08014,67,11.29,100000,7.66956,173,106.84,10000000
"Guatemala City","GT","2025-05-07 15:26:28+02",14754,0.0,39.69448,51,21.85,1000000,7.83801,174,33.56,10000000
"Guatemala City","GT","2025-05-07 15:32:40+02",14754,0.165,107.12677,145,138.61,1000000,13.00971,71,8.01,100000
"Guatemala City","GT","2025-05-07 15:36:25+02",14754,0.072,77.39265,95,58.31,1000000,9.7989,69,7.26,1000000
"Guatemala City","GT","2025-05-07 15:37:30+02",14754,0.29,86.88836,145,58.88,1000000,20.77305,64,5.2,10000000
"Guatemala City","GT","2025-05-07 15:39:04+02",14754,0.0,119.59791,174,72.74,100000000,19.62411,66,10.79,1000000
"Guatemala City","GT","2025-05-07 15:41:56+02",14754,0.0,112.14725,126,56.02,100000000,19.36416,48,4.05,1000000
"Guatemala City","GT","2025-05-07 15:43:39+02",14754,0.0,15.80147,43,1.58,25000000,12.6177,45,5.21,1000000
"Guatemala City","GT","2025-05-07 15:44:45+02",14754,0.0,27.9121,69,43.68,1000000,10.67729,62,7.74,100000
"Guatemala City","GT","2025-05-07 15:50:21+02",14754,0.43,26.65687,182,135.62,1000000,15.33795,77,18.84,10000000
"Guatemala City","GT","2025-05-07 15:50:59+02",14754,0.19,66.74223,52,788.8,1000000,9.01345,73,408.94,100000
"Guatemala City","GT","2025-05-07 15:51:30+02",14754,0.0,25.38028,153,109.1,1000000,14.55625,50,12.68,10000000
"Guatemala City","GT","2025-05-05 16:01:19+02",14754,0.18,23.22903,184,132.35,1000000,7.57062,112,52.38,100000
"Guatemala City","GT","2025-05-05 16:01:30+02",14754,0.081,14.20174,69,2.42,100000,8.57966,843,185.47,1000000
"Guatemala City","GT","2025-05-05 16:03:03+02",14754,0.0,30.56684,91,73.42,1000000,5.29993,572,200.52,100000
"Guatemala City","GT","2025-05-05 16:03:23+02",14754,0.133,21.55644,238,126.17,10000000,6.83093,82,7.01,100000
"Guatemala City","GT","2025-05-05 16:04:47+02",14754,0.1527,27.65474,194,123.14,10000000,10.07898,114,86.68,1000000
"Guatemala City","GT","2025-05-05 16:06:02+02",14754,0.036,8.21602,65,26.74,1000000,7.98284,209,142.21,10000000
"Guatemala City","GT","2025-05-05 16:14:04+02",14754,0.0,48.33397,154,72.72,10000000,12.86235,99,46.41,10000000
"Guatemala City","GT","2025-05-05 16:16:38+02",14754,0.082,1.96811,330,197.21,100000,0.4152,369,119.79,100000
"Guatemala City","GT","2025-05-05 16:34:01+02",14754,0.006,3.7217,167,63.31,100000,0.44081,343,228.02,100000
"Guatemala City","GT","2025-05-05 16:47:14+02",14754,0.0,31.6676,94,3.58,1000000,7.63721,96,35.19,10000000
"Guatemala City","GT","2025-05-05 16:47:26+02",14754,0.154,33.01317,93,2.56,1000000,7.28261,96,45.59,100000
"Guatemala City","GT","2025-05-05 16:51:22+02",14754,0.0,64.74424,36,43.49,1000000,102.55102,36,16.24,1000000
"Guatemala City","GT","2025-05-05 15:00:41+02",14754,0.0,38.82776,50,11.95,1000000,6.59016,805,75.38,100000
"Guatemala City","GT","2025-05-05 15:02:08+02",14754,0.0,38.97906,70,19.42,1000000,7.38828,532,250.25,10000000
"Guatemala City","GT","2025-05-05 15:19:46+02",14754,0.0,33.57355,77,34.19,10000000,7.78248,217,85.5,10000000
"Guatemala City","GT","2025-05-05 15:20:12+02",14754,0.0,37.9446,63,45.27,10000000,24.67544,37,44.42,10000000
"Guatemala City","GT","2025-05-05 15:48:11+02",14754,0.129,30.93312,73,4.98,1000000,13.01624,88,146.59,10000000
"Guatemala City","GT","2025-05-05 15:51:16+02",14754,0.07,143.15568,50,25.63,1000000,96.98432,34,105.38,1000000
"Guatemala City","GT","2025-05-05 15:55:58+02",14754,0.046,35.34611,99,23.14,10000000,8.78209,194,148.99,10000000
"Guatemala City","GT","2025-05-05 15:56:21+02",14754,0.0,59.07288,99,92.04,10000000,12.34644,408,183.95,1000000
"Guatemala City","GT","2025-05-05 15:58:17+02",14754,0.75,10.01747,107,31.82,100000,3.86538,641,168.67,100000
"Guatemala City","GT","2025-05-07 14:23:02+02",22869,0.01,37.30721,14,26.26,1000000,14.93591,12,1.78,1000000
"Guatemala City","GT","2025-05-07 14:24:38+02",23243,0.169,47.76201,5,57.19,100000,24.13182,5,1.12,10000000
"Guatemala City","GT","2025-05-07 14:25:20+02",22869,0.0,29.75394,14,3.28,10000000,13.40447,12,7.71,10000000
"Guatemala City","GT","2025-05-07 14:31:17+02",22869,0.156,29.89961,13,20.56,10000000,14.62244,15,27.94,10000000
"Guatemala City","GT","2025-05-07 14:50:48+02",22869,0.277,58.66865,20,4.89,1000000,35.06324,18,2.4,1000000
"Guatemala City","GT","2025-05-05 14:56:59+02",23243,0.0,30.17251,31,9.0,10000000,5.04645,30,7.79,1000000
"Guatemala City","GT","2025-05-06 16:07:18+02",26617,0.0,23.63377,7,2.68,1000000,18.76313,20,20.98,1000000
"Guatemala City","GT","2025-05-06 16:35:47+02",26617,0.0,23.57806,7,2.04,1000000,15.49133,11,22.37,100000
"Guatemala City","GT","2025-05-07 15:59:36+02",23243,0.191,28.19732,29,4.35,1000000,4.92195,37,46.7,1000000
"Guatemala City","GT","2025-05-05 16:02:28+02",23243,0.0,23.7601,37,62.23,1000000,5.18041,37,22.02,100000
"Guatemala City","GT","2025-05-05 16:44:51+02",52468,0.002,12.78951,65,109.42,1000000,1.89757,56,74.57,100000
"Guatemala City","GT","2025-05-05 16:46:14+02",52468,0.0,14.54616,75,104.81,10000000,1.92824,66,19.85,1000000
"Guatemala City","GT","2025-05-05 16:48:33+02",52468,0.149,14.74644,67,86.44,10000000,1.92395,104,100.51,1000000
"Guatemala City","GT","2025-05-05 16:56:57+02",52286,0.0,58.75478,6,9.07,1000000,20.08293,30,3.67,10000000
"Guatemala City","GT","2025-05-05 16:57:54+02",52286,0.0,51.13356,35,32.42,1000000,44.37086,30,32.38,1000000
"Guatemala City","GT","2025-05-05 15:22:32+02",23243,0.0,516.1445,7,55.79,10000000,127.61905,11,2.84,1000000
"Guatemala City","GT","2025-05-05 15:32:37+02",23243,0.002,26.02889,62,106.56,10000000,3.476,116,45.86,100000
"Guatemala City","GT","2025-05-07 02:59:15+02",14593,0.016,41.04857,40,10.53,1000000,4.46667,34,7.0,100000
"Guatemala City","GT","2025-05-05 23:12:29+02",14593,0.015,52.62667,41,14.54,25000000,4.53213,37,6.63,100000
"Guatemala City","GT","2025-05-05 23:16:46+02",14593,0.004,21.2943,58,7.62,1000000,4.01318,47,8.99,1000000
"Guatemala City","GT","2025-05-05 12:28:59+02",14593,0.075,16.24193,129,69.02,1000000,4.23358,47,10.42,1000000
"Guatemala City","GT","2025-05-06 20:18:19+02",14593,0.002,3.95076,107,71.9,100000,3.06053,74,21.44,100000
"Guatemala City","GT","2025-05-06 20:25:34+02",14593,0.108,28.00518,67,51.24,10000000,4.03412,39,16.99,100000
"Guatemala City","GT","2025-05-06 20:49:05+02",14593,0.011,14.35665,80,16.59,1000000,4.59245,68,20.97,1000000
"Guatemala City","GT","2025-05-06 18:16:06+02",14593,0.191,35.83698,30,11.42,1000000,4.86094,54,9.41,1000000
"Guatemala City","GT","2025-05-06 11:48:50+02",14593,0.003,56.15716,39,250.09,1000000,7.04645,33,7.44,100000
"Guatemala City","GT","2025-05-07 13:50:45+02",14593,0.323,7.40221,69,6.85,100000,3.70849,53,7.87,100000
"Guatemala City","GT","2025-05-07 13:53:36+02",14593,0.203,36.29207,56,11.9,1000000,3.37532,46,8.52,100000
"Guatemala City","GT","2025-05-07 13:56:53+02",14593,0.177,47.46379,67,12.59,1000000,3.38812,50,8.35,100000
"Guatemala City","GT","2025-05-07 13:58:10+02",14593,0.188,62.17867,73,12.38,1000000,2.94938,58,18.67,100000
"Guatemala City","GT","2025-05-07 16:40:01+02",14593,0.232,15.78815,51,8.84,1000000,6.53658,46,10.84,100000
"Guatemala City","GT","2025-05-05 01:46:14+02",14593,0.002,60.48677,44,10.56,1000000,5.54865,46,11.97,100000
"Guatemala City","GT","2025-05-06 14:33:33+02",14593,0.0,31.45596,50,41.35,1000000,3.89724,65,15.23,100000
"Guatemala City","GT","2025-05-06 14:34:19+02",14593,0.0,38.12483,30,4.82,1000000,6.20322,40,25.08,1000000
"Guatemala City","GT","2025-05-06 14:37:19+02",14593,0.0,50.2348,38,9.97,1000000,9.24138,36,6.06,100000
"Guatemala City","GT","2025-05-06 13:03:15+02",14593,0.003,5.36006,51,8.04,100000,4.6474,57,93.38,100000
"Guatemala City","GT","2025-05-06 13:06:31+02",14593,0.0,3.17884,43,35.28,1000000,5.32627,40,49.86,1000000
"Guatemala City","GT","2025-05-06 13:08:43+02",14593,0.0,14.5366,42,7.21,1000000,4.28503,54,35.41,1000000
"Guatemala City","GT","2025-05-06 13:10:24+02",14593,0.003,3.24071,46,34.59,100000,4.09577,46,78.79,100000
"Guatemala City","GT","2025-05-05 13:25:48+02",14593,0.0,39.53753,43,7.25,1000000,4.06255,32,12.52,10000000
"Guatemala City","GT","2025-05-05 13:30:43+02",14593,0.002,57.90451,69,13.72,1000000,3.76387,56,10.68,1000000
"Guatemala City","GT","2025-05-05 17:43:08+02",14593,0.008,50.1718,51,73.97,1000000,4.54571,48,7.66,1000000
"Guatemala City","GT","2025-05-07 14:29:04+02",14593,0.166,76.23293,51,10.21,1000000,8.88398,38,4.16,1000000
"Guatemala City","GT","2025-05-07 14:54:47+02",14593,0.142,50.07755,66,86.92,1000000,5.34219,63,8.96,100000
"Guatemala City","GT","2025-05-07 17:56:46+02",14593,0.205,22.72117,72,124.38,1000000,3.96939,60,10.33,1000000
"Guatemala City","GT","2025-05-07 15:01:08+02",14593,0.0,41.22826,78,103.1,1000000,4.45183,73,13.92,100000
"Guatemala City","GT","2025-05-07 15:02:05+02",14593,0.088,52.85598,71,18.58,1000000,4.70561,76,12.13,1000000
"Guatemala City","GT","2025-05-07 15:08:38+02",14593,0.19,51.7285,55,14.08,1000000,6.09132,38,11.71,10000000
"Guatemala City","GT","2025-05-07 15:24:51+02",14593,0.193,59.94299,38,31.33,1000000,9.56915,50,8.09,1000000
"Guatemala City","GT","2025-05-07 15:26:40+02",14593,0.436,14.22396,88,66.89,1000000,5.34574,66,31.17,100000
"Guatemala City","GT","2025-05-05 16:19:16+02",14593,0.0,74.5796,50,63.18,1000000,7.29583,55,7.93,1000000
"Guatemala City","GT","2025-05-05 15:01:54+02",14593,0.005,29.12081,43,55.52,1000000,8.1459,38,5.12,100000
"Guatemala City","GT","2025-05-05 15:15:24+02",14593,0.002,35.98199,64,10.65,1000000,1.63614,74,12.55,100000
"Guatemala City","GT","2025-05-05 15:33:20+02",14593,0.0,35.74728,54,5.42,10000000,4.77718,56,12.17,1000000
"Guatemala City","GT","2025-05-06 04:06:10+02",14754,0.069,79.21828,39,1.04,25000000,12.92605,39,29.04,100000
"Guatemala City","GT","2025-05-06 04:23:15+02",14754,0.096,80.12256,37,0.66,10000000,15.92079,37,0.75,100000
"Guatemala City","GT","2025-05-06 01:14:33+02",14754,0.0,52.71673,106,74.84,1000000,6.90129,104,15.09,100000
"Guatemala City","GT","2025-05-06 01:21:24+02",14754,0.0,102.62124,103,42.33,1000000,14.17989,47,14.0,1000000
"Guatemala City","GT","2025-05-06 01:52:22+02",14754,0.011,41.47436,164,97.0,1000000,7.11379,103,74.47,10000000
"Guatemala City","GT","2025-05-05 00:26:54+02",14754,0.0,7.8309,255,63.63,1000000,5.97019,588,223.15,10000000
"Wellington","NZ","2025-05-07 02:16:49+02",9790,0.005,55.22706,63,67.88,1000000,40.46301,121,76.95,1000000
"Wellington","NZ","2025-05-07 02:15:58+02",9790,0.086,57.24178,62,28.65,1000000,34.50644,102,64.24,1000000
"Wellington","NZ","2025-05-07 02:06:03+02",9790,0.0,74.85872,16,2.72,1000000,68.13559,18,2.81,1000000
"Auckland","NZ","2025-05-06 00:00:54+02",55850,0.0,9.72051,40,21.49,23617323,4.5038,73,44.09,17825792
"Auckland","NZ","2025-05-07 02:20:18+02",14593,0.197,112.55116,42,37.06,1000000,11.72524,30,10.83,1000000
"Tairua","NZ","2025-05-07 22:36:23+02",45177,0.0,658.98614,5,1.79,25000000,209.375,10,6.61,1000000
"Christchurch","NZ","2025-05-06 04:02:46+02",9790,0.349,156.90985,53,725.9,1000000,20.77519,24,828.03,100000
"Tairua","NZ","2025-05-07 22:35:38+02",45177,0.092,523.03138,5,2.84,1000000,199.50372,31,11.24,1000000
"Auckland","NZ","2025-05-07 01:46:23+02",135069,0.007,41.43914,59,121.05,10000000,14.04122,43,45.98,1000000
"Auckland","NZ","2025-05-07 07:01:31+02",9790,0.009,112.07841,21,9.06,1000000,25.52381,10,6.67,100000
"Christchurch","NZ","2025-05-06 04:06:54+02",9790,0.349,172.83842,23,7.07,1000000,10.63492,24,625.16,100000
"Christchurch","NZ","2025-05-06 12:15:47+02",9790,0.366,47.96106,20,1181.25,25000000,7.37682,19,1169.1,1000000
"Auckland","NZ","2025-05-07 19:01:44+02",9790,0.335,89.91462,20,2.27,1000000,82.8866,11,1.05,1000000
"Auckland","NZ","2025-05-05 01:18:26+02",9790,0.0,276.89801,6,3.96,1000000,80.0,4,3.14,1000000
"Auckland","NZ","2025-05-05 01:15:52+02",9790,0.0,139.17208,21,39.25,1000000,73.76147,7,5.81,1000000
"Auckland","NZ","2025-05-05 01:54:19+02",14593,0.0,6.00598,152,20.51,100000,2.45721,96,8.5,100000
"Auckland","NZ","2025-05-06 20:00:50+02",14593,0.0,73.0812,73,53.83,1000000,12.99079,32,8.23,1000000
"Hamilton","NZ","2025-05-06 03:13:27+02",45177,0.096,64.32801,58,64.21,1000000,48.23035,315,248.92,1000000
"Auckland","NZ","2025-05-05 00:00:56+02",55850,0.0,10.01583,24,12.99,68049966,3.37655,101,67.06,3145728
"Auckland","NZ","2025-05-06 07:56:37+02",9790,0.0,333.5201,24,18.91,1000000,251.25,20,9.11,1000000
"Auckland","NZ","2025-05-05 01:14:18+02",9790,0.0,127.90155,17,12.49,10000000,73.22404,9,6.14,1000000
"Christchurch","NZ","2025-05-05 04:35:51+02",9790,0.0,153.88909,25,11.26,10000000,65.90164,52,15.26,1000000
"Auckland","NZ","2025-05-05 01:12:48+02",9790,0.0,286.82388,6,2.18,1000000,67.33668,4,8.24,1000000
"Auckland","NZ","2025-05-07 18:55:48+02",9790,0.357,89.91439,25,3.78,1000000,52.81135,11,1.33,10000000
"Auckland","NZ","2025-05-05 04:21:50+02",9790,0.0,263.23444,12,1.34,1000000,104.01035,11,4.53,1000000
"Auckland","NZ","2025-05-06 04:38:13+02",14593,0.004,56.55408,54,25.5,1000000,6.48387,38,16.16,100000
"Auckland","NZ","2025-05-05 03:58:10+02",9790,0.0,762.11337,3,1.26,1000000,174.02597,2,0.46,1000000
"Auckland","NZ","2025-05-07 07:01:47+02",9790,0.01,95.23924,26,11.26,25000000,26.88963,11,4.82,100000
"Wellington","NZ","2025-05-06 22:16:23+02",55850,0.0,315.05374,24,27.94,1000000,31.52941,13,1.8,100000
"Christchurch","NZ","2025-05-05 23:03:34+02",55850,0.0,45.728,30,93.69,1000000,27.16216,20,2.55,1000000
"Auckland","NZ","2025-05-07 00:30:44+02",9790,0.278,271.26745,12,10.17,1000000,115.02146,11,10.43,1000000
"Auckland","NZ","2025-05-07 00:00:58+02",55850,0.0,8.60394,31,16.54,4661194,3.27813,80,58.69,22806528
"Wellington","NZ","2025-05-07 02:25:13+02",9790,0.0,118.02948,14,14.87,1000000,74.9301,15,8.02,1000000
"Wellington","NZ","2025-05-07 02:24:54+02",9790,0.022,102.59492,16,4.09,1000000,67.33668,17,2.32,1000000
"Wellington","NZ","2025-05-07 02:21:37+02",9790,0.254,64.27631,72,23.0,1000000,40.40201,112,55.67,1000000
"Auckland","NZ","2025-05-05 03:56:31+02",9790,0.0,679.8176,1,0.64,25000000,214.90431,2,0.64,25000000
"Auckland","NZ","2025-05-06 05:20:12+02",137409,0.0,148.74343,13,39.04,1000000,72.69439,8,3.02,1000000
"Wilkszyn","PL","2025-05-07 06:23:12+02",5617,0.0,33.77416,30,30.16,1000000,5.1871,29,6.63,100000
"Gmina Studzienice","PL","2025-05-07 06:48:02+02",5617,0.04,9.15921,104,49.5,1000000,1.4531,1262,1037.61,100000
"Wroclaw","PL","2025-05-06 03:20:45+02",5617,0.0,49.39751,71,38.23,1000000,12.33129,86,10.74,1000000
"Lodz","PL","2025-05-07 05:54:22+02",5617,0.0,89.01458,18,10.25,1000000,165.0924,22,81.62,1000000
"Szczecin","PL","2025-05-07 22:01:35+02",5617,0.0,32.9181,77,40.07,1000000,14.34178,80,35.93,1000000
"Gdansk","PL","2025-05-07 02:13:01+02",5617,0.0,434.91115,17,6.82,1000000,113.96173,7,1.46,50000000
"Łaziska Górne","PL","2025-05-05 05:55:01+02",5617,0.0,38.79014,69,27.72,1000000,5.71835,393,182.56,100000
"Lodz","PL","2025-05-05 05:57:18+02",5617,0.0,87.30074,27,33.36,10000000,73.53479,10,7.04,25000000
"Lublin","PL","2025-05-05 21:02:40+02",5617,0.027,27.22832,71,74.64,1000000,9.09502,104,80.53,100000
"Gdansk","PL","2025-05-05 21:45:43+02",5617,0.0,9.81902,49,57.22,10000000,18.74694,363,259.03,10000000
"Warsaw","PL","2025-05-05 07:33:25+02",5617,0.0,242.57851,3,0.3,10000000,30.57034,5,9.9,100000
"Łaziska Górne","PL","2025-05-05 06:04:16+02",5617,0.0,39.87241,72,21.24,1000000,5.74696,465,189.17,100000
"Szczecin","PL","2025-05-07 11:01:28+02",5617,0.0,66.8537,91,39.12,1000000,7.41424,126,20.49,1000000
"Lublin","PL","2025-05-07 11:37:45+02",5617,0.0,373.94272,14,3.53,1000000,129.4686,29,13.01,1000000
"Lublin","PL","2025-05-07 11:38:42+02",5617,0.0,350.97887,13,5.01,1000000,170.70064,28,9.78,1000000
"Puck","PL","2025-05-07 11:56:58+02",5617,0.0,205.24372,24,41.21,1000000,51.6444,13,4.79,25000000
"Krakow","PL","2025-05-05 08:22:58+02",5617,0.02,12.93004,253,81.12,1000000,7.96276,858,143.13,1000000
"Łaziska Górne","PL","2025-05-05 20:35:10+02",5617,0.0,40.09218,62,17.49,1000000,5.71835,355,214.69,100000
"Katowice","PL","2025-05-05 20:36:45+02",5617,0.0,15.66402,93,59.18,10000000,3.20574,589,635.49,100000
"Łaziska Górne","PL","2025-05-05 20:37:45+02",5617,0.0,36.84346,81,33.26,1000000,5.81766,384,157.99,100000
"Lublin","PL","2025-05-05 20:51:44+02",5617,0.0,25.34009,47,29.3,1000000,10.02619,75,65.58,1000000
"Lublin","PL","2025-05-05 20:52:27+02",5617,0.0,28.36725,61,37.77,1000000,19.83226,84,51.89,1000000
"Warsaw","PL","2025-05-05 20:56:01+02",5617,0.007,400.11848,9,8.38,1000000,186.97674,23,9.79,1000000
"Warsaw","PL","2025-05-07 08:27:40+02",5617,0.0,850.18618,2,2.99,10000000,122.56098,11,21.35,1000000
"Warsaw","PL","2025-05-07 08:29:02+02",5617,0.0,1227.03114,3,2.12,10000000,129.4686,13,18.06,1000000
"Warsaw","PL","2025-05-07 08:41:50+02",5617,0.193,0.92248,150,160.78,1000000,7.90561,167,124.98,100000
"Poznan","PL","2025-05-07 08:51:34+02",5617,0.0,500.14719,20,9.12,1000000,224.58101,14,4.46,1000000
"Opole","PL","2025-05-07 08:59:44+02",5617,0.0,400.1197,12,4.47,1000000,225.71589,10,1.32,50000000
"Warsaw","PL","2025-05-06 21:14:12+02",5617,0.0,119.47059,12,2.42,1000000,82.04082,9,10.53,1000000
"Wroclaw","PL","2025-05-05 18:39:33+02",5617,0.0,54.43811,11,1.6,1000000,29.88848,10,0.97,100000
"Lublin","PL","2025-05-06 19:08:45+02",5617,0.0,33.07633,63,27.0,1000000,5.70213,306,305.75,100000
"Rzeszów","PL","2025-05-06 19:56:50+02",5617,0.0,377.46938,13,5.07,1000000,87.10726,89,33.83,1000000
"Krakow","PL","2025-05-05 02:12:25+02",5617,0.0,503.29047,10,2.29,1000000,285.73459,8,1.89,50000000
"Krakow","PL","2025-05-05 02:45:44+02",5617,0.0,516.27534,11,2.04,1000000,271.62162,8,1.55,1000000
"Krakow","PL","2025-05-05 12:03:54+02",5617,0.0,218.64584,43,27.73,1000000,26.9437,13,2.84,1000000
"Warsaw","PL","2025-05-05 12:06:22+02",5617,0.0,111.76531,19,15.85,1000000,20.9375,54,2.77,100000
"Katowice","PL","2025-05-05 12:11:53+02",5617,0.0,40.63153,53,18.63,1000000,4.72941,43,38.07,100000
"Dzikowiec","PL","2025-05-05 12:24:40+02",5617,0.0,14.53621,51,18.92,100000,18.96226,76,141.55,100000
"Krakow","PL","2025-05-05 12:27:10+02",5617,0.0,117.68235,95,46.78,1000000,14.05594,228,38.68,1000000
"Gdansk","PL","2025-05-05 12:37:53+02",5617,0.09,80.10406,19,32.41,1000000,72.36724,94,42.95,1000000
"Katowice","PL","2025-05-05 12:38:43+02",5617,0.129,289.94382,14,4.31,1000000,134.44816,26,8.88,1000000
"Szczecin","PL","2025-05-05 11:00:44+02",5617,0.0,34.58631,13,1.89,100000,26.74651,13,1.74,1000000
"Bialystok","PL","2025-05-05 11:27:27+02",5617,0.0,235.42298,22,10.37,1000000,51.4198,12,2.05,25000000
"Wroclaw","PL","2025-05-06 18:04:44+02",5617,0.37,55.86369,74,44.57,10000000,11.11265,392,126.11,1000000
"Łaziska Górne","PL","2025-05-06 18:05:23+02",5617,0.0,28.11805,67,22.04,1000000,5.73466,388,148.0,100000
"Wroclaw","PL","2025-05-06 18:12:32+02",5617,0.034,5.25475,351,255.58,100000,1.92023,391,195.59,100000
"Lodz","PL","2025-05-06 18:40:37+02",5617,0.244,320.17638,21,15.69,1000000,119.11111,13,3.21,50000000
"Lodz","PL","2025-05-06 18:41:35+02",5617,0.0,320.17871,13,7.0,1000000,131.80328,13,8.05,1000000
"Lodz","PL","2025-05-06 18:42:57+02",5617,0.0,242.56073,15,7.67,1000000,107.2,12,3.63,1000000
"Warsaw","PL","2025-05-06 18:46:08+02",5617,0.04,75.99513,15,37.84,10000000,35.4185,69,27.16,1000000
"Warsaw","PL","2025-05-06 18:49:34+02",5617,0.0,104.24896,26,32.63,25000000,66.44628,28,52.68,1000000
"Krakow","PL","2025-05-05 09:40:10+02",5617,0.0,4.57646,884,533.99,1000000,0.791,626,2119.32,1000000
"Łaziska Górne","PL","2025-05-05 09:51:37+02",5617,0.0,21.44664,75,85.62,10000000,5.61061,435,261.84,100000
"Warsaw","PL","2025-05-07 21:09:16+02",5617,0.0,625.18413,6,3.18,1000000,104.28016,24,26.11,1000000
"Warsaw","PL","2025-05-07 21:10:05+02",5617,0.0,250.13683,24,16.44,1000000,107.2,25,16.44,1000000
"Mrzezino","PL","2025-05-07 21:12:58+02",5617,0.0,63.21009,48,22.09,1000000,18.78505,317,251.42,100000
"Mrzezino","PL","2025-05-07 21:13:53+02",5617,0.0,204.66428,25,12.71,1000000,160.47904,34,19.27,1000000
"Mrzezino","PL","2025-05-07 21:14:57+02",5617,0.016,78.53184,58,67.27,1000000,57.55519,242,118.59,25000000
"Mrzezino","PL","2025-05-07 21:15:50+02",5617,0.0,274.99779,17,4.14,1000000,156.42023,26,8.63,1000000
"Lublin","PL","2025-05-07 13:47:22+02",5617,0.226,336.23538,15,7.14,1000000,187.41259,28,8.49,1000000
"Warsaw","PL","2025-05-06 17:22:14+02",5617,0.0,55.45667,159,128.52,1000000,22.45183,174,97.32,1000000
"Waksmund","PL","2025-05-06 17:39:27+02",5617,0.0,307.8608,13,3.27,1000000,88.35165,41,3.11,1000000
"Wroclaw","PL","2025-05-06 17:48:02+02",5617,0.048,45.99082,95,65.71,1000000,13.70143,198,48.64,1000000
"Torun","PL","2025-05-06 09:46:40+02",5617,0.0102,3.00842,206,115.83,1000000,2.14973,168,55.0,100000
"Mrzezino","PL","2025-05-07 19:04:06+02",5617,0.0,123.11419,20,6.1,1000000,162.75304,29,8.55,1000000
"Warsaw","PL","2025-05-07 16:13:19+02",5617,0.662,171.98589,27,141.56,25000000,29.23636,10,11.49,100000
"Szczecin","PL","2025-05-07 16:44:16+02",5617,0.28,280.78728,22,6.72,1000000,53.52863,109,48.72,1000000
"Szczecin","PL","2025-05-07 16:44:58+02",5617,0.343,321.37892,25,9.53,1000000,48.78641,124,54.79,1000000
"Szczecin","PL","2025-05-07 16:45:48+02",5617,0.28,310.17087,24,16.3,1000000,55.41006,167,60.97,1000000
"Gdansk","PL","2025-05-07 16:46:47+02",5617,0.0,2.20514,119,63.0,100000,7.54221,225,63.16,1000000
"Warsaw","PL","2025-05-07 16:51:17+02",5617,0.0,81.07805,60,37.11,1000000,22.58427,142,66.04,1000000
"Szczecin","PL","2025-05-07 16:51:34+02",5617,0.328,307.78369,34,14.54,1000000,59.73254,122,33.36,1000000
"Legnica","PL","2025-05-05 01:25:38+02",5617,0.0,325.30154,21,5.57,1000000,84.98943,77,5.74,1000000
"Warsaw","PL","2025-05-06 14:17:56+02",5617,0.0,57.914,112,108.02,10000000,19.12009,103,69.37,1000000
"Radzyń Podlaski","PL","2025-05-06 14:41:04+02",5617,0.001,259.47246,19,14.37,25000000,33.78151,12,2.63,1000000
"Warsaw","PL","2025-05-06 14:45:08+02",5617,0.0,1095.92168,3,0.57,10000000,151.12782,9,23.81,1000000
"Warsaw","PL","2025-05-06 14:46:25+02",5617,0.0,879.38723,3,2.51,1000000,142.80639,19,21.82,1000000
"Głogów Małopolski","PL","2025-05-06 14:52:10+02",5617,0.136,373.94345,16,8.07,1000000,75.42214,94,36.1,1000000
"Głogów Małopolski","PL","2025-05-06 14:53:13+02",5617,0.103,360.46792,12,4.16,1000000,83.66285,94,34.22,1000000
"Rzeszów","PL","2025-05-06 14:57:57+02",5617,0.0,365.40681,14,5.96,1000000,87.86885,91,41.22,1000000
"Lodz","PL","2025-05-06 15:10:29+02",5617,0.123,62.56753,73,24.28,1000000,9.17704,103,31.85,1000000
"Wroclaw","PL","2025-05-06 15:32:53+02",5617,0.0,20.0662,56,51.62,1000000,8.55319,327,91.05,100000
"Wroclaw","PL","2025-05-06 15:34:22+02",5617,0.015,20.17613,120,93.13,10000000,11.51863,219,49.02,100000
"Wroclaw","PL","2025-05-06 15:36:58+02",5617,0.0,24.92184,99,56.6,1000000,10.2682,333,155.89,100000
"Wroclaw","PL","2025-05-06 15:38:44+02",5617,0.005,89.11375,32,12.19,1000000,4.61857,235,137.58,1000000
"Wroclaw","PL","2025-05-06 15:41:04+02",5617,0.0,16.69602,93,40.43,1000000,10.92391,168,92.63,100000
"Wroclaw","PL","2025-05-06 15:54:01+02",5617,0.0,24.42523,87,39.67,10000000,9.73601,523,231.52,1000000
"Warsaw","PL","2025-05-06 13:45:07+02",5617,0.0,721.56784,2,4.36,100000000,140.06969,13,50.69,1000000
"Warsaw","PL","2025-05-06 13:45:38+02",5617,0.0,868.64825,3,1.84,10000000,154.02299,11,21.45,1000000
"Krakow","PL","2025-05-07 07:02:38+02",5617,0.0,5.05553,1007,710.91,1000000,0.95295,1150,1846.97,100000
"Krakow","PL","2025-05-07 07:05:55+02",5617,0.0,5.29565,1164,549.78,10000000,1.001,860,1531.38,100000
"Warsaw","PL","2025-05-07 07:28:42+02",5617,0.0,330.67536,18,8.54,1000000,57.63441,205,44.9,1000000
"Szczecin","PL","2025-05-05 13:47:20+02",5617,0.0,292.51349,18,11.52,10000000,55.44828,158,54.76,1000000
"Szczecin","PL","2025-05-05 13:51:04+02",5617,0.012,312.59344,39,6.2,1000000,49.47692,126,43.14,1000000
"Wroclaw","PL","2025-05-07 12:39:09+02",5617,0.0,53.31375,12,2.33,1000000,31.65354,12,2.65,100000
"Łaziska Górne","PL","2025-05-07 12:39:31+02",5617,0.0,33.7085,52,18.78,1000000,5.77586,273,185.38,100000
"Łaziska Górne","PL","2025-05-07 12:40:34+02",5617,0.001,40.78699,62,20.28,1000000,5.6067,215,88.42,100000
"Warsaw","PL","2025-05-06 12:49:43+02",5617,0.18,264.03445,19,11.6,10000000,124.84472,52,27.23,1000000
"Warsaw","PL","2025-05-06 12:51:17+02",5617,0.0,280.78647,15,8.44,1000000,80.88531,52,30.22,1000000
"Krakow","PL","2025-05-05 10:16:43+02",5617,0.0,50.6481,53,16.37,1000000,13.07317,231,55.58,1000000
"Krakow","PL","2025-05-05 10:18:13+02",5617,0.0,131.18683,67,49.44,1000000,11.92878,245,31.58,1000000
"Gdynia","PL","2025-05-05 10:45:26+02",5617,0.0,88.81697,15,5.89,1000000,110.60364,13,2.62,25000000
"Opole","PL","2025-05-07 09:01:16+02",5617,0.0,400.1174,11,1.84,1000000,189.62264,10,1.11,25000000
"Warsaw","PL","2025-05-07 09:21:42+02",5617,0.0,12.92109,42,67.49,100000,14.43447,32,57.28,100000
"Lublin","PL","2025-05-05 17:30:04+02",5617,0.0,37.76013,53,27.57,10000000,12.29358,83,58.31,100000
"Warsaw","PL","2025-05-05 17:31:50+02",5617,0.0,4.16399,169,141.98,100000,17.70535,226,166.89,1000000
"Gdansk","PL","2025-05-05 17:46:29+02",5617,0.0,4.34435,231,168.29,100000,3.11507,317,169.89,100000
"Szczecin","PL","2025-05-05 17:49:50+02",5617,0.0,40.09215,75,36.51,1000000,20.201,87,21.12,10000000
"Warsaw","PL","2025-05-06 10:56:22+02",5617,0.004,58.49701,40,27.64,1000000,60.58779,67,29.44,1000000
"Szczecin","PL","2025-05-07 17:02:01+02",5617,0.321,284.78265,16,5.36,1000000,53.45745,141,75.64,1000000
"Warsaw","PL","2025-05-07 17:15:14+02",5617,0.493,352.5273,8,1.51,1000000,128.84615,18,11.28,1000000
"Opole","PL","2025-05-07 17:15:48+02",5617,0.118,214.54065,21,6.77,1000000,65.15397,77,20.41,1000000
"Warsaw","PL","2025-05-07 17:16:22+02",5617,0.0,40.33466,51,32.49,1000000,20.43721,82,24.03,1000000
"Szczecin","PL","2025-05-05 14:14:26+02",5617,0.0,18.66666,29,9.04,1000000,16.89076,139,64.72,100000
"Bytów","PL","2025-05-05 14:19:08+02",5617,0.0,216.28032,10,3.47,1000000,171.06383,8,3.21,1000000
"Szczecin","PL","2025-05-05 14:23:25+02",5617,0.386,236.05834,29,11.43,1000000,48.05738,122,57.54,1000000
"Poznan","PL","2025-05-05 14:25:18+02",5617,0.0,9.19816,334,15.21,1000000,4.06061,334,15.47,1000000
"Brzeg Dolny","PL","2025-05-07 20:29:31+02",5617,0.0,94.12046,14,57.68,10000000,19.111,16,11.37,10000000
"Brzeg Dolny","PL","2025-05-07 20:30:53+02",5617,0.0,101.62723,13,3.79,25000000,20.29278,13,2.11,10000000
"Brzeg Dolny","PL","2025-05-07 20:32:20+02",5617,0.0,94.8778,13,7.24,25000000,20.39574,13,27.74,10000000
"Warsaw","PL","2025-05-06 16:10:50+02",5617,0.0,19.91637,59,24.54,1000000,28.41994,117,31.31,1000000
"Rzeszów","PL","2025-05-06 16:16:40+02",5617,0.0,51.26459,32,42.48,1000000,52.96443,113,31.41,1000000
"Rzeszów","PL","2025-05-06 16:19:28+02",5617,0.001,199.06384,21,5.1,1000000,69.31034,100,31.57,1000000
"Rzeszów","PL","2025-05-06 16:21:30+02",5617,0.0,354.08694,16,4.96,1000000,84.98943,87,28.36,1000000
"Rzeszów","PL","2025-05-06 16:22:47+02",5617,0.197,349.44827,14,7.08,1000000,71.02474,94,24.93,1000000
"Poznan","PL","2025-05-06 16:23:44+02",5617,0.0,20.56114,57,61.1,1000000,38.85935,279,68.89,1000000
"Rzeszów","PL","2025-05-06 16:23:44+02",5617,0.0,343.45089,12,2.77,1000000,79.36821,91,38.26,1000000
"Warsaw","PL","2025-05-06 16:28:45+02",5617,0.0,10.46065,94,106.76,1000000,7.92118,48,26.52,100000
"Rzeszów","PL","2025-05-06 16:33:23+02",5617,0.0,365.40562,14,5.57,1000000,79.92048,40,19.81,1000000
"Rzeszów","PL","2025-05-06 16:34:37+02",5617,0.0,355.66581,11,4.7,1000000,85.44102,84,26.92,1000000
"Rzeszów","PL","2025-05-06 16:36:01+02",5617,0.0,372.20997,14,3.68,1000000,86.17363,93,30.9,1000000
"Warsaw","PL","2025-05-07 15:18:02+02",5617,0.0,17.78311,75,18.94,1000000,19.16567,250,77.82,1000000
"Warsaw","PL","2025-05-07 15:30:02+02",5617,0.602,118.72989,12,85.37,1000000,27.10722,5,21.73,1000000
"Warsaw","PL","2025-05-07 15:36:01+02",5617,0.002,13.09079,70,27.23,1000000,8.38723,123,72.24,1000000
"Warsaw","PL","2025-05-07 15:39:01+02",5617,0.002,18.76295,62,14.93,1000000,25.37078,154,42.28,1000000
"Warsaw","PL","2025-05-07 15:40:12+02",5617,0.0,18.42172,67,11.77,1000000,24.52715,195,76.23,1000000
"Bialystok","PL","2025-05-07 15:45:27+02",5617,0.0,47.77553,109,34.65,1000000,19.02868,49,16.18,10000000
"Warsaw","PL","2025-05-07 15:57:21+02",5617,0.0,70.44367,63,33.76,1000000,22.03947,132,73.67,1000000
"Lublin","PL","2025-05-05 16:58:56+02",5617,0.049,40.75111,68,34.06,25000000,9.14676,143,84.1,100000
"Sosnowiec","PL","2025-05-05 15:31:21+02",5617,0.0,394.2056,10,0.8,1000000,177.48344,27,30.8,1000000
"Warsaw","PL","2025-05-07 06:18:46+02",12741,0.0,235.36545,9,2.52,1000000,159.30256,9,2.48,10000000
"Warsaw","PL","2025-05-07 11:05:46+02",9009,0.0,5.15416,97,111.89,1000000,1.09986,299,435.78,100000
"Warsaw","PL","2025-05-05 09:53:29+02",9009,0.082,67.02161,79,1.3,1000000,13.68101,79,6.54,25000000
"Szczecin","PL","2025-05-05 14:31:20+02",5617,0.376,303.1209,16,7.82,1000000,54.69388,122,40.99,1000000
"Warsaw","PL","2025-05-07 07:34:21+02",12741,0.0,86.14009,13,2.91,1000000,76.20853,19,1.47,1000000
"Warsaw","PL","2025-05-07 07:35:18+02",12741,0.0,159.27211,10,28.97,10000000,137.17796,11,3.5,10000000
"Warsaw","PL","2025-05-07 07:48:33+02",12741,0.0,44.58158,9,1.91,1000000,156.1165,9,1.66,1000000
"Warsaw","PL","2025-05-07 12:53:07+02",12741,0.0,219.8452,9,29.06,1000000,165.7732,9,1.71,1000000
"Darłowo","PL","2025-05-07 19:34:42+02",12741,0.0,384.73027,5,2.94,1000000,165.7732,4,16.33,1000000
"Warsaw","PL","2025-05-05 10:34:07+02",12741,0.019,15.3156,166,97.28,1000000,1.52675,76,21.17,1000000
"Warsaw","PL","2025-05-05 10:34:47+02",12741,0.0,194.23289,9,1.36,1000000,165.4321,9,1.94,1000000
"Warsaw","PL","2025-05-05 10:39:38+02",12741,0.0,11.87828,152,70.08,1000000,1.65807,83,37.51,100000
"Warsaw","PL","2025-05-05 10:41:10+02",12741,0.0,21.37392,170,42.66,1000000,1.85853,78,21.14,100000
"Warsaw","PL","2025-05-05 10:59:37+02",12741,0.0,9.17026,138,41.88,100000,1.65773,67,5.82,100000
"Warsaw","PL","2025-05-05 11:52:29+02",12741,0.0,230.61607,9,1.19,1000000,115.85014,9,1.61,1000000
"Warsaw","PL","2025-05-07 09:37:33+02",12741,0.0,191.90386,9,1.08,1000000,189.17647,9,1.73,1000000
"Warsaw","PL","2025-05-05 11:02:29+02",12741,0.0,19.2736,169,54.29,1000000,1.58471,72,13.07,1000000
"Warsaw","PL","2025-05-07 08:33:27+02",12741,0.093,73.33614,12,4.18,10000000,37.05069,12,22.75,100000
"Warsaw","PL","2025-05-07 08:31:11+02",12741,0.464,55.33732,16,56.64,100000,30.22556,15,28.38,100000
"Warsaw","PL","2025-05-07 08:28:42+02",12741,0.103,111.76516,9,39.29,1000000,78.33814,8,24.69,25000000
"Warsaw","PL","2025-05-05 19:02:22+02",9009,0.011,90.9591,27,29.95,1000000,26.44737,11,3.4,1000000
"Warsaw","PL","2025-05-06 10:43:44+02",9009,0.0,63.86594,100,107.28,1000000,73.69386,82,4.03,1000000
"Warsaw","PL","2025-05-06 06:31:33+02",12741,0.0,164.65855,9,0.91,1000000,132.0197,9,1.47,1000000
"Warsaw","PL","2025-05-05 06:48:54+02",137409,0.0,170.30649,32,14.0,1000000,24.43769,41,30.18,1000000
"Warsaw","PL","2025-05-05 15:27:30+02",14593,0.0,40.76618,40,9.88,1000000,12.14502,37,43.65,100000
"Warsaw","PL","2025-05-05 07:51:13+02",14593,0.0,89.91454,46,74.27,1000000,1.02525,29,8.67,100000
"Warsaw","PL","2025-05-07 11:23:42+02",14593,0.0,130.75802,27,6.21,1000000,9.67509,25,6.8,100000
"Warsaw","PL","2025-05-05 18:41:24+02",14593,0.0,39.23766,35,6.94,1000000,10.72,26,6.95,100000
"Warsaw","PL","2025-05-05 15:26:11+02",14593,0.0,109.923,35,4.04,1000000,2.02213,30,11.63,100000
"Gdynia","PL","2025-05-07 04:35:04+02",5617,0.21,134.4938,13,7.66,1000000,86.73139,17,20.83,1000000
"Gdynia","PL","2025-05-07 04:35:59+02",5617,0.0,29.60892,12,4.33,100000,89.4327,22,25.07,1000000
"Warsaw","PL","2025-05-06 01:37:41+02",5617,0.012,19.27825,71,27.46,1000000,4.41031,504,310.82,100000
"Krakow","PL","2025-05-06 06:13:50+02",5617,0.0,4.26355,364,309.89,100000,0.84024,565,1363.01,1000000
"Krakow","PL","2025-05-06 06:15:22+02",5617,0.0,5.13371,NULL,0.0,100000,0.87907,345,1665.99,100000
"Borki","PL","2025-05-06 06:37:16+02",5617,0.0,56.67423,47,21.66,1000000,85.71429,92,63.4,1000000
"Lodz","PL","2025-05-06 06:41:09+02",5617,0.0,133.37332,20,17.02,1000000,155.79584,25,76.9,50000000
"Kalisz","PL","2025-05-06 06:49:23+02",5617,0.0,350.4267,12,7.06,10000000,186.35268,5,0.81,25000000
"Krakow","PL","2025-05-06 06:55:31+02",5617,0.005,144.97072,19,7.56,1000000,120.17937,14,2.02,10000000
"Łaziska Górne","PL","2025-05-07 06:02:59+02",5617,0.0169,37.78283,60,15.64,1000000,5.80505,186,1456.69,100000
"Bytom","PL","2025-05-07 06:17:39+02",5617,0.16,136.09556,47,25.6,1000000,11.00465,452,383.11,1000000
