"asn","asn_name","rank","rank_within_country","country_name","country_code"
55330,"GCN-DCN-AS",830,1,"Afghanistan","AF"
131284,"ETISALATAFG-AS-AP",1636,2,"Afghanistan","AF"
138322,"AWCC-AS-AP",3031,3,"Afghanistan","AF"
136400,"ACG-AFG-AS-AP",3339,4,"Afghanistan","AF"
45178,"ROSHAN-AF",3849,5,"Afghanistan","AF"
41878,"CROSSKEY-AS",21471,1,"Aland Islands","AX"
42313,"ONEALBANIA-AS",1001,1,"Albania","AL"
50973,"VODAFONE-AL-ASN",1224,2,"Albania","AL"
35047,"AbissNet",1625,3,"Albania","AL"
206262,"Telkos",2244,4,"Albania","AL"
33983,"ARTMOTION-AS",2282,5,"Albania","AL"
36947,"ALGTEL-AS",2339,1,"Algeria","DZ"
33779,"wataniya-telecom-as",7452,2,"Algeria","DZ"
3208,"ARN",8425,3,"Algeria","DZ"
33774,"DJAWEB",11760,4,"Algeria","DZ"
36891,"ICOSNET-AS",12443,5,"Algeria","DZ"
23657,"BLUESKY-AS-AP",17071,1,"American Samoa","AS"
9751,"ASTCA-AS-AP",19571,2,"American Samoa","AS"
6752,"ANDORRA",14346,1,"Andorra","AD"
198246,"TALTUM",78025,2,"Andorra","AD"
37468,"ANGOLA-CABLES",24,1,"Angola","AO"
11259,"ANGOLATELECOM",1669,2,"Angola","AO"
37119,"unitel-AS",2060,3,"Angola","AO"
36907,"TVCaboAngola",3284,4,"Angola","AO"
327932,"CONNECTIS-DATA-ANGOLA",3542,5,"Angola","AO"
32338,"HOSTISERVER",9234,1,"Anguilla","AI"
2740,"CARIBCABLE",53814,2,"Anguilla","AI"
393410,"AS-DIBV",66960,3,"Anguilla","AI"
50118,"CARITELE-AS",78025,4,"Anguilla","AI"
399144,"APAKER-NETWORK",78025,4,"Anguilla","AI"
31500,"Global Network Management",76,1,"Antigua and Barbuda","AG"
396304,"ANU-DIGI",5323,2,"Antigua and Barbuda","AG"
39102,"AS-ATHM",14648,3,"Antigua and Barbuda","AG"
11594,"APUA-AG",15622,4,"Antigua and Barbuda","AG"
19246,"ACT2000",20964,5,"Antigua and Barbuda","AG"
22927,NULL,111,1,"Argentina","AR"
7303,NULL,150,2,"Argentina","AR"
7049,NULL,159,3,"Argentina","AR"
52361,NULL,268,4,"Argentina","AR"
11664,NULL,313,5,"Argentina","AR"
12297,"TELECOM-ARMENIA",442,1,"Armenia","AM"
49800,"GNC-ALFA",586,2,"Armenia","AM"
8932,"UCOMINT",587,3,"Armenia","AM"
43733,"Viva-Armenia",1342,4,"Armenia","AM"
33852,"ORG-CCJS1-RIPE",2025,5,"Armenia","AM"
264645,NULL,6820,1,"Aruba","AW"
11816,NULL,7741,2,"Aruba","AW"
272844,NULL,66960,3,"Aruba","AW"
52231,NULL,78025,4,"Aruba","AW"
4826,"VOCUS-BACKBONE-AS",41,1,"Australia","AU"
1221,"ASN-TELSTRA",56,2,"Australia","AU"
7474,"OPTUSCOM-AS01-AU",58,3,"Australia","AU"
137409,"GSLNETWORKS-AS-AP",75,4,"Australia","AU"
7545,"TPG-INTERNET-AP",97,5,"Australia","AU"
1764,"NEXTLAYER-AS",147,1,"Austria","AT"
8447,"A1TELEKOM-AT",163,2,"Austria","AT"
47147,"AS-ANX",441,3,"Austria","AT"
1853,"ACOnet",492,4,"Austria","AT"
25255,"H3G-Austria-AS",556,5,"Austria","AT"
29049,"Delta-Telecom-AS",145,1,"Azerbaijan","AZ"
196925,"AZRT-AS",632,2,"Azerbaijan","AZ"
34170,"AS-AZTELEKOM",2343,3,"Azerbaijan","AZ"
211995,"a2z",2449,4,"Azerbaijan","AZ"
28787,"BAKINTER-AS",2973,5,"Azerbaijan","AZ"
15146,"CABLEBAHAMAS",3272,1,"Bahamas","BS"
8014,"BATELNET",4183,2,"Bahamas","BS"
18635,"SECUREHOST",23803,3,"Bahamas","BS"
19128,"TTN",25915,4,"Bahamas","BS"
19377,"CLOUD-CARIB-LTD",31069,5,"Bahamas","BS"
51375,"VIVABH",1656,1,"Bahrain","BH"
5416,NULL,1745,2,"Bahrain","BH"
31452,"ZAIN-BH-AS",2397,3,"Bahrain","BH"
39273,"Kalaam-Telecom",2711,4,"Bahrain","BH"
35313,"BH-INFONAS-ASN",6057,5,"Bahrain","BH"
58717,"SUMMITCOMMUNICATIONS-BD",94,1,"Bangladesh","BD"
132602,"BANGLADESH-AS-AP",101,2,"Bangladesh","BD"
10075,"FGL-AS-BD",124,3,"Bangladesh","BD"
150178,"EXABYTELTD-AS-AP",208,4,"Bangladesh","BD"
132884,"SUMMIT-BD",213,5,"Bangladesh","BD"
35900,"DIGI-BDS-ASN",3565,1,"Barbados","BB"
14813,"BB-COLUMBUS",4078,2,"Barbados","BB"
10278,"CWWI-AS",4849,3,"Barbados","BB"
55033,"UWI-CH-ASN1",25536,4,"Barbados","BB"
46764,"UWI-OPEN-CAMPUS",30438,5,"Barbados","BB"
60280,"NTEC",424,1,"Belarus","BY"
12406,"BN-AS",762,2,"Belarus","BY"
60330,"BCTBY-AS",793,3,"Belarus","BY"
6697,"BELPAK-AS",869,4,"Belarus","BY"
42772,"A1-BY-AS",2937,5,"Belarus","BY"
6774,"ASN-BICS",198,1,"Belgium","BE"
6696,"VERIXI",485,2,"Belgium","BE"
31713,"GWCOMMS-MPLS",495,3,"Belgium","BE"
34872,"Servperso_Systems",694,4,"Belgium","BE"
5432,"PROXIMUS-ISP-AS",1047,5,"Belgium","BE"
263824,NULL,4365,1,"Belize","BZ"
10269,NULL,4811,2,"Belize","BZ"
262239,NULL,6795,3,"Belize","BZ"
56388,"AMBER-AS",7149,4,"Belize","BZ"
265826,NULL,9396,5,"Belize","BZ"
28683,"SBIN",2733,1,"Benin","BJ"
37090,"ISOCEL",4899,2,"Benin","BJ"
328228,"SBIN-AS",8065,3,"Benin","BJ"
37292,"OTI-AS",8774,4,"Benin","BJ"
328092,"SUD-TELCOM-AS",8999,5,"Benin","BJ"
3855,"LOGIC-3855",1905,1,"Bermuda","BM"
11269,"LINKBERMUDA",2740,2,"Bermuda","BM"
45355,"DIGICELPACIFIC-1-AP",3091,3,"Bermuda","BM"
32020,"TRANSACT-BM-ASN",3766,4,"Bermuda","BM"
19626,"EVC-AS",10358,5,"Bermuda","BM"
17660,"DRUKNET-AS",1810,1,"Bhutan","BT"
38740,"TASHICELL-TRANSIT-AS",1961,2,"Bhutan","BT"
18024,"BTTELECOM-AS-AP",3806,3,"Bhutan","BT"
136039,"NANO-AS-AP",7122,4,"Bhutan","BT"
23955,"TASHICELL-DOMESTIC-AS",20265,5,"Bhutan","BT"
6568,NULL,1186,1,"Bolivia","BO"
27882,NULL,1770,2,"Bolivia","BO"
27839,NULL,2226,3,"Bolivia","BO"
22541,NULL,2460,4,"Bolivia","BO"
26210,NULL,2768,5,"Bolivia","BO"
52389,NULL,5436,1,"Bonaire, Saint Eustatius and Saba ","BQ"
27745,NULL,16316,2,"Bonaire, Saint Eustatius and Saba ","BQ"
27694,NULL,18157,3,"Bonaire, Saint Eustatius and Saba ","BQ"
28104,NULL,24036,4,"Bonaire, Saint Eustatius and Saba ","BQ"
262188,NULL,27680,5,"Bonaire, Saint Eustatius and Saba ","BQ"
25144,"TELEKOM-SRPSKE-AS",1483,1,"Bosnia and Herzegovina","BA"
42560,"BA-TELEMACH-AS",1828,2,"Bosnia and Herzegovina","BA"
9146,"BIHNET",1971,3,"Bosnia and Herzegovina","BA"
16178,"Logosoft-AS",3610,4,"Bosnia and Herzegovina","BA"
20875,"HPTNET-AS",3632,5,"Bosnia and Herzegovina","BA"
37678,"BOFINET",1595,1,"Botswana","BW"
14988,"BTC-GATE1",5675,2,"Botswana","BW"
37395,"ABARI",8869,3,"Botswana","BW"
329381,"FIBRE-SOURCING",11760,4,"Botswana","BW"
36963,"OBO",16301,5,"Botswana","BW"
16735,NULL,22,1,"Brazil","BR"
10429,NULL,33,2,"Brazil","BR"
53013,NULL,42,3,"Brazil","BR"
4230,NULL,48,4,"Brazil","BR"
14840,NULL,54,5,"Brazil","BR"
17458,"SURE-IO",23803,1,"British Indian Ocean Territory","IO"
200612,"GulfBridgeInternational",329,1,"British Virgin Islands","VG"
139750,"IDCSERVICESNETINC-AS-AP",6145,2,"British Virgin Islands","VG"
396357,"BVI-DIG",6820,3,"British Virgin Islands","VG"
33229,"ANY2CLOUD",11367,4,"British Virgin Islands","VG"
60239,"FIRMTRADE-AS",12052,5,"British Virgin Islands","VG"
10094,"UNN-BN",2188,1,"Brunei","BN"
10101,"SIMPUR-BN",6339,2,"Brunei","BN"
133875,"BSPC-NON-AS-AP",14002,3,"Brunei","BN"
132395,"DST-AS",27680,4,"Brunei","BN"
131467,"EGNC-AS",35997,5,"Brunei","BN"
44901,"belcloud",169,1,"Bulgaria","BG"
57344,"TELEHOUSE-AS",239,2,"Bulgaria","BG"
8717,"A1BG",246,3,"Bulgaria","BG"
8866,"VIVACOM-AS",316,4,"Bulgaria","BG"
34224,"NETERRA-AS",339,5,"Bulgaria","BG"
37721,"Virtual-Technologies-Solutions-SA",920,1,"Burkina Faso","BF"
328316,"Point-Atterissement-AS",1771,2,"Burkina Faso","BF"
37008,"Alink-Faso",4213,3,"Burkina Faso","BF"
37577,"Orange-BF",4674,4,"Burkina Faso","BF"
25543,"FasoNet-AS",4930,5,"Burkina Faso","BF"
37545,"BBSS",3187,1,"Burundi","BI"
327799,"VIETTEL-BURUNDI",6139,2,"Burundi","BI"
37336,"UCOM-WIC",11505,3,"Burundi","BI"
327798,"BERNET",18157,4,"Burundi","BI"
25429,"CBINET-AS",26871,5,"Burundi","BI"
9902,"NEOCOMISP-KH-AP",717,1,"Cambodia","KH"
38235,"MEKONGNET-ADC-AS-AP",985,2,"Cambodia","KH"
55329,"TELCOTECH-KH",1113,3,"Cambodia","KH"
59318,"SINET-KH",2346,4,"Cambodia","KH"
131207,"SINET-KH",3387,5,"Cambodia","KH"
15964,"CAMNET-AS",1371,1,"Cameroon","CM"
30992,"MTN-NS-CAMEROON",5807,2,"Cameroon","CM"
36912,"ORANGECM",7548,3,"Cameroon","CM"
37672,"INQ-DIGITAL-CAMEROON",7949,4,"Cameroon","CM"
36955,"Matrix-ASN1",8255,5,"Cameroon","CM"
577,"BACOM",119,1,"Canada","CA"
6327,"SHAW",156,2,"Canada","CA"
852,"ASN852",209,3,"Canada","CA"
812,"ROGERS-COMMUNICATIONS",235,4,"Canada","CA"
21949,"BEANFIELD",361,5,"Canada","CA"
37517,"CVTS1",4879,1,"Cape Verde","CV"
37575,"TMAIS",5483,2,"Cape Verde","CV"
327862,"NOSi",27680,3,"Cape Verde","CV"
328941,"CVTS1-AS",53814,4,"Cape Verde","CV"
328440,"Banco-BAI",66960,5,"Cape Verde","CV"
329173,"CV-IX-MGT",66960,5,"Cape Verde","CV"
329138,"BBCD1-AS",66960,5,"Cape Verde","CV"
36549,"LOGIC-36549",4903,1,"Cayman Islands","KY"
13771,"DIGICEL-CAYMAN",9990,2,"Cayman Islands","KY"
6639,"CWCAYMAN",15016,3,"Cayman Islands","KY"
16705,"LOGIC-CAYMAN-TELECAYMAN",17391,4,"Cayman Islands","KY"
16437,"INFINITY-BROADBAND-LTD",19002,5,"Cayman Islands","KY"
37460,"ORANGE-CA",23803,1,"Central African Republic","CF"
328079,"TELECEL-CENTRAFRIQUE-AS",39468,2,"Central African Republic","CF"
329274,"MoovAfricaCentrafrique",39468,2,"Central African Republic","CF"
328594,"SAFITELCHAD-AS",2477,1,"Chad","TD"
328310,"GLOBALTEL-Networks",10148,2,"Chad","TD"
327802,"MILLICOM-CHAD",26529,3,"Chad","TD"
327756,"AIRTEL-TD",26871,4,"Chad","TD"
327975,"ILNET-TELECOM",26871,4,"Chad","TD"
263237,NULL,446,1,"Chile","CL"
14259,NULL,575,2,"Chile","CL"
263702,NULL,580,3,"Chile","CL"
7004,NULL,591,4,"Chile","CL"
27978,NULL,1021,5,"Chile","CL"
4134,"CHINANET-BACKBONE",121,1,"China","CN"
4837,"CHINA169-Backbone",188,2,"China","CN"
9808,"CHINAMOBILE-CN",284,3,"China","CN"
4808,"CHINA169-BJ",502,4,"China","CN"
4847,"CNIX-AP",607,5,"China","CN"
7195,NULL,16,1,"Colombia","CO"
52320,NULL,25,2,"Colombia","CO"
262191,NULL,812,3,"Colombia","CO"
27951,NULL,998,4,"Colombia","CO"
14080,NULL,1155,5,"Colombia","CO"
36939,"ComoresTelecom",21640,1,"Comoros","KM"
328061,"TELCO-SA-AS",23469,2,"Comoros","KM"
10131,"CKTELECOM-CK-AP",17953,1,"Cook Islands","CK"
152093,"VAKANETLIMITED-AS-AP",47680,2,"Cook Islands","CK"
262197,NULL,1672,1,"Costa Rica","CR"
11830,NULL,1886,2,"Costa Rica","CR"
52263,NULL,1887,3,"Costa Rica","CR"
262202,NULL,2746,4,"Costa Rica","CR"
52228,NULL,2893,5,"Costa Rica","CR"
5391,"T-HT",342,1,"Croatia","HR"
44306,"Omonia",376,2,"Croatia","HR"
15994,"A1HR",647,3,"Croatia","HR"
13046,"ASN-ISKON",1226,4,"Croatia","HR"
205714,"tele2hr",1554,5,"Croatia","HR"
11960,NULL,5729,1,"Cuba","CU"
27725,NULL,12564,2,"Cuba","CU"
10569,NULL,14002,3,"Cuba","CU"
15151,NULL,78025,4,"Cuba","CU"
27834,NULL,78025,4,"Cuba","CU"
264713,NULL,78025,4,"Cuba","CU"
27835,NULL,78025,4,"Cuba","CU"
11081,NULL,2210,1,"Curacao","CW"
27660,NULL,3889,2,"Curacao","CW"
52233,NULL,5906,3,"Curacao","CW"
52344,NULL,7236,4,"Curacao","CW"
52391,NULL,7792,5,"Curacao","CW"
6866,"CYTA-NETWORK",879,1,"Cyprus","CY"
35432,"CABLENET-AS",1127,2,"Cyprus","CY"
8544,"NSP-INTL",1439,3,"Cyprus","CY"
15805,"SKYNET-CY-AS",2742,4,"Cyprus","CY"
5504,"LOGOSNET",3765,5,"Cyprus","CY"
39392,"SuperNetwork",183,1,"Czechia","CZ"
16019,"VODAFONE-CZ-AS",287,2,"Czechia","CZ"
29208,"QUANTCOM-AS",403,3,"Czechia","CZ"
5610,"O2-CZECH-REPUBLIC",552,4,"Czechia","CZ"
47232,"ISPAlliance",629,5,"Czechia","CZ"
328442,"UNITED-SA",2311,1,"Democratic Republic of the Congo","CD"
37447,"ORANGE-RDC",2345,2,"Democratic Republic of the Congo","CD"
37020,"CELTEL-DRC",3697,3,"Democratic Republic of the Congo","CD"
37677,"SCPT",4088,4,"Democratic Republic of the Congo","CD"
37453,"VODACOM-CONGO",6005,5,"Democratic Republic of the Congo","CD"
31027,"GlobalConnect-AS31027",88,1,"Denmark","DK"
2603,"NORDUNET",234,2,"Denmark","DK"
3292,"TDC",356,3,"Denmark","DK"
3342,"Cibicom-IP-Network",1055,4,"Denmark","DK"
39642,"Norlys-Fibernet",1819,5,"Denmark","DK"
30990,"ADJIB-AS",787,1,"Djibouti","DJ"
327831,"Djibouti-Data-Center",59501,2,"Djibouti","DJ"
329140,"AS5-AS",66960,3,"Djibouti","DJ"
37775,"DJIX-PEERING-LAN",78025,4,"Djibouti","DJ"
199322,"BPS",78025,4,"Djibouti","DJ"
11139,"CWC-ROC-11139",3286,1,"Dominica","DM"
40945,"SATTEL",20265,2,"Dominica","DM"
399915,"EPIC-COMMUNICATIONS",32090,3,"Dominica","DM"
49447,"NICEIT",39468,4,"Dominica","DM"
46936,"MARPIN2K4",78025,5,"Dominica","DM"
40546,"DANIX",78025,5,"Dominica","DM"
46243,"AS-NBDL",78025,5,"Dominica","DM"
49656,"IMARTO-INC",78025,5,"Dominica","DM"
64126,NULL,548,1,"Dominican Republic","DO"
265721,NULL,1008,2,"Dominican Republic","DO"
272112,NULL,1276,3,"Dominican Republic","DO"
264821,NULL,1524,4,"Dominican Republic","DO"
272110,NULL,2043,5,"Dominican Republic","DO"
58731,"TELINTLSA-AS",4282,1,"East Timor","TL"
153183,"GUL-AS-AP",5064,2,"East Timor","TL"
133606,"VIETTELTIMORLESTE-AS-AP",6323,3,"East Timor","TL"
140223,"METROLINK-AS-AP",6341,4,"East Timor","TL"
136920,"GARDAMORLDA-AS-AP",7271,5,"East Timor","TL"
19114,NULL,466,1,"Ecuador","EC"
27947,NULL,904,2,"Ecuador","EC"
263238,NULL,1274,3,"Ecuador","EC"
22724,NULL,1892,4,"Ecuador","EC"
61468,NULL,1932,5,"Ecuador","EC"
8452,"TE-AS",534,1,"Egypt","EG"
24835,"RAYA-AS",952,2,"Egypt","EG"
24863,"LINKdotNET-AS",1421,3,"Egypt","EG"
36992,"ETISALAT-MISR",1729,4,"Egypt","EG"
20928,"NOOR-AS",2090,5,"Egypt","EG"
263783,NULL,3705,1,"El Salvador","SV"
262199,NULL,4256,2,"El Salvador","SV"
16592,NULL,5107,3,"El Salvador","SV"
264635,NULL,6892,4,"El Salvador","SV"
265780,NULL,7345,5,"El Salvador","SV"
37529,"GITGE",3804,1,"Equatorial Guinea","GQ"
37337,"MUNI-EG",9310,2,"Equatorial Guinea","GQ"
37487,"GUINEANET",22038,3,"Equatorial Guinea","GQ"
37173,"GETESA",23315,4,"Equatorial Guinea","GQ"
328207,"OFFICE-TECH",39468,5,"Equatorial Guinea","GQ"
30987,"ERITEL-AS",21640,1,"Eritrea","ER"
3249,"ESTPAK",712,1,"Estonia","EE"
2586,"UNINET-AS",1252,2,"Estonia","EE"
8240,"AS8240",2153,3,"Estonia","EE"
3204,"XTOM-V-PS",2671,4,"Estonia","EE"
8728,NULL,3001,5,"Estonia","EE"
24757,"EthioNet-AS",5671,1,"Ethiopia","ET"
328988,"SAFARICOM-TEL",6696,2,"Ethiopia","ET"
37467,"ETherNeT",14002,3,"Ethiopia","ET"
329227,"WS-ASN",27680,4,"Ethiopia","ET"
329327,"Bank-of-Abyssinia-Share-Company",66960,5,"Ethiopia","ET"
329265,"CBOE3-AS",66960,5,"Ethiopia","ET"
1273,"CW",14,1,"European Union","EU"
1121,"VIX-RS",1238,2,"European Union","EU"
6412,"KW",1337,3,"European Union","EU"
1835,"FSKNET-DK",2545,4,"European Union","EU"
249,"PACKETSTAR",2744,5,"European Union","EU"
204649,"FALK",22672,1,"Falkland Islands","FK"
210841,"sure-sthelena",25536,2,"Falkland Islands","FK"
20963,"NEMAFaroe",6275,1,"Faroe Islands","FO"
15389,"Faroese-Telecom-AS",7986,2,"Faroe Islands","FO"
200664,"PF-FTNET",19771,3,"Faroe Islands","FO"
206928,"pf-elektron",34778,4,"Faroe Islands","FO"
209175,"Kringvarp_Foroya",39468,5,"Faroe Islands","FO"
38442,"VODAFONEFIJI-AS-FJ",2192,1,"Fiji","FJ"
45349,"TFL-AS-AP",3755,2,"Fiji","FJ"
4638,"IS-FJ-AS",4248,3,"Fiji","FJ"
9241,"FINTEL-FJ",6029,4,"Fiji","FJ"
24390,"USP-AS-AP",14002,5,"Fiji","FJ"
6667,"EUNET-FINLAND",320,1,"Finland","FI"
47605,"FNE-AS",390,2,"Finland","FI"
719,"ELISA-AS",516,3,"Finland","FI"
1759,"TSF-IP-Core",612,4,"Finland","FI"
16086,"DNA",683,5,"Finland","FI"
5511,"Opentransit",12,1,"France","FR"
35280,"F5",180,2,"France","FR"
8218,"NEO-ASN",185,3,"France","FR"
30781,"JAGUAR-AS",243,4,"France","FR"
29075,"IELO",247,5,"France","FR"
263175,NULL,10893,1,"French Guiana","GF"
27806,NULL,32090,2,"French Guiana","GF"
265745,NULL,35954,3,"French Guiana","GF"
272128,NULL,78025,4,"French Guiana","GF"
262190,NULL,78025,4,"French Guiana","GF"
27675,NULL,78025,4,"French Guiana","GF"
264728,NULL,78025,4,"French Guiana","GF"
55943,"ONATI-AS-AP",4818,1,"French Polynesia","PF"
9471,"ONATI-AS-AP",14372,2,"French Polynesia","PF"
56017,"VITI-AS-PF",21640,3,"French Polynesia","PF"
138179,"PMT-AS-AP",24036,4,"French Polynesia","PF"
139263,"UDLPF-AS-AP",77566,5,"French Polynesia","PF"
37582,"ANINF",9160,1,"Gabon","GA"
16058,"Gabon-Telecom",12465,2,"Gabon","GA"
37616,"Airtel",21640,3,"Gabon","GA"
328429,"General-Business-Machines-AS",35997,4,"Gabon","GA"
328304,"WAKA-AS",39468,5,"Gabon","GA"
327876,"Societe-TLDC",39468,5,"Gabon","GA"
25250,"GAMTEL-AS",5007,1,"Gambia","GM"
327719,"sixp",8148,2,"Gambia","GM"
37309,"QCell",12472,3,"Gambia","GM"
37323,"NETPAGE",20449,4,"Gambia","GM"
37503,"Unique-Solutions",21640,5,"Gambia","GM"
35805,"SILKNET-AS",576,1,"Georgia","GE"
20771,"CAUCASUS-CABLE-SYSTEM",691,2,"Georgia","GE"
44327,"DELTANET-NET",974,3,"Georgia","GE"
16010,"MagticomAS",999,4,"Georgia","GE"
198150,"SIACOM-AS",1420,5,"Georgia","GE"
3320,"DTAG",18,1,"Germany","DE"
33891,"CORE-BACKBONE",35,2,"Germany","DE"
5405,"INTERDOTLINK",44,3,"Germany","DE"
13237,"LAMBDANET-AS",181,4,"Germany","DE"
8881,"VERSATEL",232,5,"Germany","DE"
37613,"Dolphin-Telecom-AS",353,1,"Ghana","GH"
327992,"GHANAIAN-ACADEMIC-AND-RESEARCH-NETWORK",1395,2,"Ghana","GH"
29614,"GHANATEL-AS",1594,3,"Ghana","GH"
37350,"IS-GHANA",1802,4,"Ghana","GH"
328659,"Vobiss-Solutions-Limited",2777,5,"Ghana","GH"
29632,"NASSIST-AS",839,1,"Gibraltar","GI"
8301,"GIBTELECOMNET",3685,2,"Gibraltar","GI"
203976,"AS_QUADCODE_2",5631,3,"Gibraltar","GI"
202087,"AJSEGIB-AS",8222,4,"Gibraltar","GI"
34803,"BGL",8316,5,"Gibraltar","GI"
12713,"OTEGlobe",527,1,"Greece","GR"
3329,"HOL-GR",836,2,"Greece","GR"
25472,"WIND-AS",957,3,"Greece","GR"
6799,"OTENET-GR",973,4,"Greece","GR"
5408,"GR-NET",1002,5,"Greece","GR"
8818,NULL,14741,1,"Greenland","GL"
46650,"ASN46650-CCGL",2894,1,"Grenada","GD"
393682,"AICASNREQ10232014",35997,2,"Grenada","GD"
393629,"GDGR",39468,3,"Grenada","GD"
399273,"GCB-ASN01",60490,4,"Grenada","GD"
401400,"MCNET-SOLUTIONS-GD",66960,5,"Grenada","GD"
30272,"GOG-ASN1-GND",66960,5,"Grenada","GD"
14432,"GREX",66960,5,"Grenada","GD"
21351,"CANALPLUSTELECOM",2089,1,"Guadeloupe","GP"
63351,"ASN-SCF-45",2250,2,"Guadeloupe","GP"
17149,"GCN-AS",4609,3,"Guadeloupe","GP"
29837,"SAINT-BARTH-TELECOM",66960,4,"Guadeloupe","GP"
7444,"SYSTEL-AS",78025,5,"Guadeloupe","GP"
212775,"DSP_Guadeloupe",78025,5,"Guadeloupe","GP"
395470,"HARVEYS-TECH",78025,5,"Guadeloupe","GP"
397385,"AS-AGI-01",78025,5,"Guadeloupe","GP"
401198,"GWADIX",78025,5,"Guadeloupe","GP"
3605,"ERX-KUENTOS-AS",2902,1,"Guam","GU"
9246,"GTA-AP",3699,2,"Guam","GU"
17456,"PDSGUAM-USTRANSPORT-AS-GU-AP",4675,3,"Guam","GU"
395400,"UNIVERSITY-GUAM",5677,4,"Guam","GU"
23676,"MARIIX-GU",7458,5,"Guam","GU"
262206,NULL,541,1,"Guatemala","GT"
14754,NULL,1244,2,"Guatemala","GT"
23243,NULL,2189,3,"Guatemala","GT"
26617,NULL,2776,4,"Guatemala","GT"
52286,NULL,3000,5,"Guatemala","GT"
212565,"SPECSAVERS",29491,1,"Guernsey","GG"
34738,"WHL-ASN",31312,2,"Guernsey","GG"
34497,"AS2E2_1",31571,3,"Guernsey","GG"
48210,"BONNETERRE-AS",39468,4,"Guernsey","GG"
205514,"CORVID-AS",44840,5,"Guernsey","GG"
328107,"GUILAB-AS",1803,1,"Guinea","GN"
328965,"LNSS1-AS",6970,2,"Guinea","GN"
37461,"ORANGE-GN",8351,3,"Guinea","GN"
37665,"MouNa",11505,4,"Guinea","GN"
328899,"Afribone-AS",11505,4,"Guinea","GN"
37559,"ORANGE-BISSAU",22038,1,"Guinea-Bissau","GW"
327769,"MTN-Bissau",30040,2,"Guinea-Bissau","GW"
52253,NULL,4035,1,"Guyana","GY"
19863,NULL,5844,2,"Guyana","GY"
52433,NULL,32090,3,"Guyana","GY"
264694,NULL,35997,4,"Guyana","GY"
270108,NULL,53814,5,"Guyana","GY"
27759,NULL,5797,1,"Haiti","HT"
27653,NULL,6092,2,"Haiti","HT"
52260,NULL,14992,3,"Haiti","HT"
263685,NULL,49698,4,"Haiti","HT"
27774,NULL,66960,5,"Haiti","HT"
22869,NULL,1190,1,"Honduras","HN"
27884,NULL,1214,2,"Honduras","HN"
27696,NULL,1846,3,"Honduras","HN"
265680,NULL,2288,4,"Honduras","HN"
27932,NULL,2415,5,"Honduras","HN"
4637,"ASN-TELSTRA-GLOBAL",13,1,"Hong Kong","HK"
58453,"CMI-INT-HK",32,2,"Hong Kong","HK"
9304,"HUTCHISON-AS-AP",61,3,"Hong Kong","HK"
23764,"CTGNet",71,4,"Hong Kong","HK"
10099,"UNICOM-Global",176,5,"Hong Kong","HK"
39533,"asympto",166,1,"Hungary","HU"
5483,"MAGYAR-TELEKOM-MAIN-AS",577,2,"Hungary","HU"
29278,"RACKHOST-HU-AS",692,3,"Hungary","HU"
12301,"Invitech",764,4,"Hungary","HU"
47169,"HPC-MVM-AS",1382,5,"Hungary","HU"
44735,"SIP-ASN",954,1,"Iceland","IS"
6677,"ICENET-AS1",1197,2,"Iceland","IS"
12969,"Vodafone_Iceland",1551,3,"Iceland","IS"
30818,"IS-ADVANIA-TRANSIT",2537,4,"Iceland","IS"
56704,"FARICE-AS",2730,5,"Iceland","IS"
9498,"BBIL-AP",20,1,"India","IN"
4755,"TATACOMM-AS",31,2,"India","IN"
9583,"SIFY-AS-IN",100,3,"India","IN"
55836,"RELIANCEJIO-IN",122,4,"India","IN"
55410,"VIL-AS-AP",151,5,"India","IN"
7713,"telkomnet-as-ap",69,1,"Indonesia","ID"
38158,"CBN-AS-ID",115,2,"Indonesia","ID"
136106,"FIBERSTAR-AS-ID",133,3,"Indonesia","ID"
55655,"SIMS-AS-ID",134,4,"Indonesia","ID"
23947,"MORATELINDONAP-AS-ID",135,5,"Indonesia","ID"
49666,"TIC-GW-AS",132,1,"Iran","IR"
12880,"DCI-AS",242,2,"Iran","IR"
42337,"RESPINA-AS",346,3,"Iran","IR"
41689,"EDGE-NETWORK",426,4,"Iran","IR"
43754,"ASIATECH",430,5,"Iran","IR"
208293,"MOC-ALSALAM-AS",382,1,"Iraq","IQ"
212330,"IRAQIXP",728,2,"Iraq","IQ"
203214,"HulumTele",823,3,"Iraq","IQ"
21277,"Newroz-Telecom-ASN",1064,4,"Iraq","IQ"
203217,"HORIZON-SCOPE-IQ",1156,5,"Iraq","IQ"
31122,"DIGIWEB-AS",1295,1,"Ireland","IE"
39122,"BLACKNIGHT-AS",1390,2,"Ireland","IE"
2110,"AS-BTIRE",1668,3,"Ireland","IE"
5466,"EIRCOM",1889,4,"Ireland","IE"
207044,"ENET-AS",2093,5,"Ireland","IE"
15766,"DOMICILIUM-AS",4288,1,"Isle of Man","IM"
13122,"MANX-AS",5912,2,"Isle of Man","IM"
43338,"RATIONAL-AS",6959,3,"Isle of Man","IM"
132006,"DIOM-AS-AP",8321,4,"Isle of Man","IM"
42455,"Wi-Manx-AS",8389,5,"Isle of Man","IM"
198949,"Radware",270,1,"Israel","IL"
8551,"BEZEQ-INTERNATIONAL-AS",288,2,"Israel","IL"
1680,"NV-ASN",289,3,"Israel","IL"
12400,"PARTNER-AS",370,4,"Israel","IL"
9116,"GOLDENLINES-ASN",396,5,"Israel","IL"
6762,"SEABONE-NET",8,1,"Italy","IT"
12874,"FASTWEB",226,2,"Italy","IT"
3269,"ASN-IBSNAZ",249,3,"Italy","IT"
41327,"FIBERTELECOM-AS",257,4,"Italy","IT"
28716,"RETELIT-AS",387,5,"Italy","IT"
29571,"ORANGE-COTE-IVOIRE",1423,1,"Ivory Coast","CI"
36974,"MTNCI-AS",3206,2,"Ivory Coast","CI"
36924,"GVA-Canalbox",5707,3,"Ivory Coast","CI"
37381,"VIPNET",6321,4,"Ivory Coast","CI"
37190,"ATLANTIQUE-TELECOM-CI",18865,5,"Ivory Coast","CI"
33576,"DIG001",690,1,"Jamaica","JM"
30689,"FLOW-NET",3248,2,"Jamaica","JM"
40786,"DIGI-GRP-JAM",4677,3,"Jamaica","JM"
10292,"CWJ-1",5000,4,"Jamaica","JM"
3586,"JAMNET",23803,5,"Jamaica","JM"
7660,"APAN-JP",47,1,"Japan","JP"
2497,"IIJ",84,2,"Japan","JP"
17676,"ULTINA",125,3,"Japan","JP"
2516,"KDDI",138,4,"Japan","JP"
2500,"WIDE-BB",253,5,"Japan","JP"
8681,"JT",3296,1,"Jersey","JE"
13208,"NEWTELSOLUTIONS-AS",5138,2,"Jersey","JE"
200348,"SC-Limited",11726,3,"Jersey","JE"
204648,"CALLIGO",26240,4,"Jersey","JE"
39498,"EISCO",30909,5,"Jersey","JE"
8697,"JTC-AS8697",1043,1,"Jordan","JO"
9038,"BAT-AS9038",1185,2,"Jordan","JO"
48832,"Zain-Jo",1658,3,"Jordan","JO"
8376,NULL,1754,4,"Jordan","JO"
211826,"ISTQSERVERS-AS",2254,5,"Jordan","JO"
35168,"TNS-Plus-Core",225,1,"Kazakhstan","KZ"
41798,"TTC-AS",285,2,"Kazakhstan","KZ"
9198,"KAZTELECOM-AS",459,3,"Kazakhstan","KZ"
35104,"KTC-AS",645,4,"Kazakhstan","KZ"
21299,"KAR-TEL-AS",1194,5,"Kazakhstan","KZ"
328578,"KEMNET-TECHNOLOGIES-AS",72,1,"Kenya","KE"
36926,"CKL1-ASN",705,2,"Kenya","KE"
33771,"SAFARICOM-LIMITED",822,3,"Kenya","KE"
37061,"Safaricom",960,4,"Kenya","KE"
15808,"ACCESSKENYA-KE",1225,5,"Kenya","KE"
134783,"ATHKL-AS-AP",23649,1,"Kiribati","KI"
132486,"OCEANLINKLTD-AS-AP",53814,2,"Kiribati","KI"
4865,"ATHKL-AS-AP",78025,3,"Kiribati","KI"
140066,"MOEL-AS-AP",78025,3,"Kiribati","KI"
43852,"kuwait-data-center",754,1,"Kuwait","KW"
29357,"WATANIYATELECOM-AS",880,2,"Kuwait","KW"
42961,"GPRS-AS",1098,3,"Kuwait","KW"
21050,"FAST-TELCO",1167,4,"Kuwait","KW"
42781,"ZNETAS-KW",1518,5,"Kuwait","KW"
8449,"AS8449-ELCAT",467,1,"Kyrgyzstan","KG"
12764,"AKNET-AS",1314,2,"Kyrgyzstan","KG"
61010,"IPNET-AS",1532,3,"Kyrgyzstan","KG"
47237,"NURTELECOM-AS-RIPE",3384,4,"Kyrgyzstan","KG"
41750,"AS-MEGALINE-KG",3663,5,"Kyrgyzstan","KG"
9873,"TELECOM-LA-AS-AP",2547,1,"Laos","LA"
131267,"UNITEL-LA",3647,2,"Laos","LA"
23900,"PLANET-ONLINE-AS-LA",3839,3,"Laos","LA"
137838,"CPNSC-AS-AP",3993,4,"Laos","LA"
140635,"ThreeC-linktecnologysolecoltd-AS-AP",4595,5,"Laos","LA"
12578,"APOLLO-AS",295,1,"Latvia","LV"
2588,"LATNET-AS",912,2,"Latvia","LV"
5518,"TET_LV",990,3,"Latvia","LV"
8194,"VITA",1355,4,"Latvia","LV"
24589,"TELENETSIA-AS",1450,5,"Latvia","LV"
42020,"LibanTelecom",338,1,"Lebanon","LB"
9051,NULL,1764,2,"Lebanon","LB"
39010,"TERRANET-AS",1924,3,"Lebanon","LB"
31126,"SODETEL-AS",2344,4,"Lebanon","LB"
24634,"Cyberia-AS",3743,5,"Lebanon","LB"
33567,"TELECOM-LESOTHO",5833,1,"Lesotho","LS"
37057,"VODACOM-LESOTHO",7686,2,"Lesotho","LS"
25695,"LEO",21471,3,"Lesotho","LS"
328567,"LEC-Communications",33036,4,"Lesotho","LS"
37642,"Comnet-Lesotho-AS",35997,5,"Lesotho","LS"
37094,"OrangeLiberia",3396,1,"Liberia","LR"
328136,"Telecel-Liberia-AS",6585,2,"Liberia","LR"
37580,"ELECTROSHACK",10328,3,"Liberia","LR"
37410,"LONESTAR",17063,4,"Liberia","LR"
37203,"LIBTELCO",18157,5,"Liberia","LR"
37558,"LITC",1372,1,"Libya","LY"
37284,"Aljeel-net",1766,2,"Libya","LY"
21003,"GPTC-AS",4065,3,"Libya","LY"
328539,"Giga-Communication",6129,4,"Libya","LY"
328073,"Ion-Telecom-AS",6254,5,"Libya","LY"
42162,"QNET",5116,1,"Liechtenstein","LI"
20634,"TELECOM-LI",6016,2,"Liechtenstein","LI"
35223,"HOI-AS",6263,3,"Liechtenstein","LI"
15955,"SUPRANET",17454,4,"Liechtenstein","LI"
39145,"KYBERNA-LI",18157,5,"Liechtenstein","LI"
28917,"Fiord-AS",45,1,"Lithuania","LT"
13194,"BITE",335,2,"Lithuania","LT"
8764,"Telia-Lietuva",483,3,"Lithuania","LT"
56630,"MELBICOM-EU-AS",658,4,"Lithuania","LT"
15440,"Baltneta",850,5,"Lithuania","LT"
199524,"GCORE",274,1,"Luxembourg","LU"
6661,"EPT-LU",838,2,"Luxembourg","LU"
29467,"LuxNetwork",958,3,"Luxembourg","LU"
56665,"TANGO-PROXIMUS_NXT",1533,4,"Luxembourg","LU"
60725,"O3B-AS",1816,5,"Luxembourg","LU"
4609,"CTM-MO",1536,1,"Macao","MO"
7617,"CTM-HK",2681,2,"Macao","MO"
47674,"NETSOLUTIONS",3701,3,"Macao","MO"
133613,"MTEL-AS",4966,4,"Macao","MO"
7582,"UMAC-AS-AP",14002,5,"Macao","MO"
34772,"NEOTEL-AS-MK",721,1,"Macedonia","MK"
6821,"MT-AS-OWN",1322,2,"Macedonia","MK"
34547,"Telesmart-AS",2136,3,"Macedonia","MK"
200899,"INTERSPACE-EUROPE",2704,4,"Macedonia","MK"
43612,"A1MK-AS43612",2724,5,"Macedonia","MK"
37054,"Telecom-Malagasy",1655,1,"Madagascar","MG"
37037,"ORANGEMG-AS",7706,2,"Madagascar","MG"
328411,"Gulfsat-Madagascar-AS",8118,3,"Madagascar","MG"
37303,"AIRTELMADA",15821,4,"Madagascar","MG"
37608,"iRENALA-AS",21038,5,"Madagascar","MG"
36944,"UBUNTU-UNICAST-AS",1820,1,"Malawi","MW"
37440,"Airtel-MW",1888,2,"Malawi","MW"
37187,"SKYBAND",3712,3,"Malawi","MW"
37294,"TNM",4085,4,"Malawi","MW"
327941,"SIMBANET-MALAWI",4254,5,"Malawi","MW"
4788,"TTSSB-MY",120,1,"Malaysia","MY"
9930,"TTNET-MY",365,2,"Malaysia","MY"
45352,"IPSERVERONE-AS-AP",936,3,"Malaysia","MY"
38182,"EXTREMEBB-AS-MY",1143,4,"Malaysia","MY"
9534,"MAXIS-AS1-AP",1184,5,"Malaysia","MY"
7642,"DHIRAAGU-MV-AP",2580,1,"Maldives","MV"
24016,"RaajjeOnline-AS",3725,2,"Maldives","MV"
150125,"MIE-AS-AP",8160,3,"Maldives","MV"
55944,"OOREDOO-MV",8542,4,"Maldives","MV"
136238,"SATLINKPVTLTD-AS-AP",30438,5,"Maldives","MV"
30985,"IKATELNET",4152,1,"Mali","ML"
328284,"SMDT1-AS",10492,2,"Mali","ML"
36864,"AFRIBONEMALI-AS",16516,3,"Mali","ML"
21271,"SOTELMABGP",18865,4,"Mali","ML"
328253,"MALI-ATEL",24036,5,"Mali","ML"
12709,"MELITACABLE",2205,1,"Malta","MT"
15735,"DATASTREAM-NET",2368,2,"Malta","MT"
33874,"VFM-AS",2725,3,"Malta","MT"
5532,"TERRANETMALTA",3318,4,"Malta","MT"
20521,"ASN-BELLNET",3763,5,"Malta","MT"
50183,"Century-LTD",21265,1,"Marshall Islands","MH"
24439,"NTAMAR-AS-AP",22038,2,"Marshall Islands","MH"
213205,"cooolbe-ca",28739,3,"Marshall Islands","MH"
62880,"SYNATEC",66960,4,"Marshall Islands","MH"
213846,"nalmi-as",78025,5,"Marshall Islands","MH"
20776,"OUTREMER-AS",3213,1,"Martinique","MQ"
48252,"DIGICELFWI",5042,2,"Martinique","MQ"
47798,"FR-MTVC",16316,3,"Martinique","MQ"
51110,"idomtechnologies-as",18588,4,"Martinique","MQ"
60046,"CT_Martinique",35997,5,"Martinique","MQ"
29544,"MAURITEL",8090,1,"Mauritania","MR"
328997,"RIMATEL",9761,2,"Mauritania","MR"
37541,"CHINGUITEL",15951,3,"Mauritania","MR"
37508,"MATTEL",29051,4,"Mauritania","MR"
329048,"NETCOM-AS",66960,5,"Mauritania","MR"
328850,"CSS-AS",66960,5,"Mauritania","MR"
37100,"SEACOM-AS",93,1,"Mauritius","MU"
37662,"WIOCC-AS",96,2,"Mauritius","MU"
33763,"Paratus",546,3,"Mauritius","MU"
23889,"MauritiusTelecom",1957,4,"Mauritius","MU"
30999,"EMTEL-AS-AP",2508,5,"Mauritius","MU"
37614,"STOI-AS",35997,1,"Mayotte","YT"
11172,NULL,431,1,"Mexico","MX"
18734,NULL,454,2,"Mexico","MX"
8151,NULL,494,3,"Mexico","MX"
19332,NULL,815,4,"Mexico","MX"
28458,NULL,898,5,"Mexico","MX"
10130,"AS10130",4462,1,"Micronesia","FM"
139759,"FMTELECOM-AS-AP",6704,2,"Micronesia","FM"
38875,"AS38875",27680,3,"Micronesia","FM"
45193,"AS45193",29259,4,"Micronesia","FM"
58524,"AS58524",39468,5,"Micronesia","FM"
25454,"ASN-OMD-FNO",635,1,"Moldova","MD"
8926,"MOLDTELECOM-AS",761,2,"Moldova","MD"
9199,"RENAM",1018,3,"Moldova","MD"
43289,"TRABIA",1039,4,"Moldova","MD"
15836,"AXAUTSYS",1056,5,"Moldova","MD"
6758,"AS6758",1288,1,"Monaco","MC"
48996,"CHPG-MC",35997,2,"Monaco","MC"
12463,"ASN-SBM",66960,3,"Monaco","MC"
215994,"cmb-monaco",78025,4,"Monaco","MC"
45204,"GEMNET-MN",976,1,"Mongolia","MN"
55805,"MOBICOM-AS-MN",1242,2,"Mongolia","MN"
17882,"Univision-AS-AP",2064,3,"Mongolia","MN"
139089,"MTNETWORKS-AS-AP",2816,4,"Mongolia","MN"
58439,"ICNC-AS",3311,5,"Mongolia","MN"
8585,"INTERNET-CG",1683,1,"Montenegro","ME"
43940,"MTEL-AS",2133,2,"Montenegro","ME"
15397,"TelenorMontenegro",2922,3,"Montenegro","ME"
200276,"BEENET-AS",7380,4,"Montenegro","ME"
47881,"MNNEWS-AS",9684,5,"Montenegro","ME"
398821,"GOM-DITES-AS-01",39468,1,"Montserrat","MS"
36925,"ASMedi",1419,1,"Morocco","MA"
6713,"IAM-AS",1804,2,"Morocco","MA"
36884,"MAROCCONNECT",2193,3,"Morocco","MA"
37738,"HOSTOWEB",6106,4,"Morocco","MA"
36956,"MT-MPLS",7183,5,"Morocco","MA"
37697,"webmasters",1564,1,"Mozambique","MZ"
30619,"TMCEL-Mocambique",1605,2,"Mozambique","MZ"
25139,"TVCABO-AS",4114,3,"Mozambique","MZ"
37223,"VODACOM-MZ",4140,4,"Mozambique","MZ"
328460,"EYAZS-IMPERIUM-AS",5857,5,"Mozambique","MZ"
136168,"CAMPANA-AS-AP",653,1,"Myanmar","MM"
136255,"TIMCL-AS-AP",795,2,"Myanmar","MM"
45558,"MPT-MM-AS-AP",800,3,"Myanmar","MM"
133524,"GTCL-AS-AP",997,4,"Myanmar","MM"
132167,"OML-MM",1032,5,"Myanmar","MM"
20459,"TELECOM-NAMIBIA-AS",1807,1,"Namibia","NA"
37009,"MTCASN",4753,2,"Namibia","NA"
329395,"Rocketnet",7243,3,"Namibia","NA"
329067,"Click",11447,4,"Namibia","NA"
36996,"TELECOM-NAMIBIA",12640,5,"Namibia","NA"
55722,"CENPAC-AS-AP",9028,1,"Nauru","NR"
140504,"DIGICELNAURU-AS-AP",29825,2,"Nauru","NR"
152706,"TNC-AS-AP",53814,3,"Nauru","NR"
141368,"ICT-NR-AS-AP",53814,3,"Nauru","NR"
55723,"DIGICEL-NR-AS-AP",78025,5,"Nauru","NR"
45274,"WORLDLINK-INTERNATIONAL-TRANSIT-AS-AP",649,1,"Nepal","NP"
141047,"NDSPL-AS-AP",789,2,"Nepal","NP"
4007,"SUBISU-CABLENET-AS-AP",1100,3,"Nepal","NP"
45650,"VIANET-NP",1130,4,"Nepal","NP"
17501,"WLINK-NEPAL-AS-AP",1148,5,"Nepal","NP"
6830,"LibertyGlobal",26,1,"Netherlands","NL"
15830,"Equinix",60,2,"Netherlands","NL"
20562,"OPEN-PEERING-AS",114,3,"Netherlands","NL"
20965,"GEANT",143,4,"Netherlands","NL"
21320,"GEANT_IAS_VRF",161,5,"Netherlands","NL"
18200,"OPT-NC-AS-AP",1885,1,"New Caledonia","NC"
56055,"MLS-NC",8400,2,"New Caledonia","NC"
56089,"OFFRATEL-AS-AP",14689,3,"New Caledonia","NC"
17480,"CANL",15178,4,"New Caledonia","NC"
45345,"NAUTILE-NC-AS-AP",16823,5,"New Caledonia","NC"
9790,"TWO-DEGREES-AS-AP",319,1,"New Zealand","NZ"
4648,"SPARK-NZ",354,2,"New Zealand","NZ"
135069,"FEENIX-AS-AP",371,3,"New Zealand","NZ"
55850,"MERCURYNZ-AS-AP",378,4,"New Zealand","NZ"
45177,"DEVOLI-AS-AP",564,5,"New Zealand","NZ"
27742,NULL,3042,1,"Nicaragua","NI"
267797,NULL,4209,2,"Nicaragua","NI"
18840,NULL,5010,3,"Nicaragua","NI"
25607,NULL,8228,4,"Nicaragua","NI"
263751,NULL,8260,5,"Nicaragua","NI"
37385,"SONITEL",6231,1,"Niger","NE"
37531,"AIRTEL-NIGER",8728,2,"Niger","NE"
329224,"Global-Data-Services",8956,3,"Niger","NE"
37233,"ORANGE-NIGER",18317,4,"Niger","NE"
26130,"LIPTINFOR-AS",26529,5,"Niger","NE"
37282,"MAINONE",309,1,"Nigeria","NG"
29465,"VCG-AS",903,2,"Nigeria","NG"
37148,"globacom-as",922,3,"Nigeria","NG"
36873,"VNL1-AS",1183,4,"Nigeria","NG"
36940,"IXPN-AS-MGMT",1674,5,"Nigeria","NG"
55885,"ISP-NU",39468,1,"Niue","NU"
10025,"IUSN-AS-AP",39468,1,"Niue","NU"
45168,"NINET-AS-NF-AP",46449,1,"Norfolk Island","NF"
38234,"NIDS-AS-AP",78025,2,"Norfolk Island","NF"
131279,"STAR-KP",35997,1,"North Korea","KP"
7131,"PTIPACIFICAINC-AS-AP",3640,1,"Northern Mariana Islands","MP"
9839,"MTC-GTEPACIFICA-AS",78025,2,"Northern Mariana Islands","MP"
2119,"TELENOR-NEXTEL",366,1,"Norway","NO"
2116,"GlobalConnect-NO",423,2,"Norway","NO"
25400,"TELIA-NORWAY-AS",881,3,"Norway","NO"
50304,"BLIX",924,4,"Norway","NO"
29695,"Altibox_AS",977,5,"Norway","NO"
8529,"Zain Omantel International (ZOI)",80,1,"Oman","OM"
28885,"OMANTEL-NAP-AS",2358,2,"Oman","OM"
50010,"Nawras-AS",2900,3,"Oman","OM"
204170,"awasr",5673,4,"Oman","OM"
201684,"ODPASN",9778,5,"Oman","OM"
38193,"TWA-AS-AP",201,1,"Pakistan","PK"
17557,"PKTELECOM-AS-PK",236,2,"Pakistan","PK"
58470,"Mobilink-Peering-AS-PK",711,3,"Pakistan","PK"
138423,"CMPAKLIMITED-AS-ENTCORP",911,4,"Pakistan","PK"
38264,"WATEEN-IMS-PK-AS-AP",1035,5,"Pakistan","PK"
17893,"PALAU-AS-AP",20019,1,"Palau","PW"
58932,"PMCI-AS-AP",35997,2,"Palau","PW"
133897,"PEACCDPT-AS-AP",53814,3,"Palau","PW"
214652,"Busan-Fibres",78025,4,"Palau","PW"
12975,"PALTEL-AS",1023,1,"Palestinian Territory","PS"
51407,"Mada-AS",2101,2,"Palestinian Territory","PS"
42013,"Together-Communication-LTD",6517,3,"Palestinian Territory","PS"
12754,"coolnet",7952,4,"Palestinian Territory","PS"
51336,"Gemzo",8330,5,"Palestinian Territory","PS"
52468,NULL,55,1,"Panama","PA"
11556,NULL,1188,2,"Panama","PA"
18809,NULL,1368,3,"Panama","PA"
26105,NULL,1778,4,"Panama","PA"
262248,NULL,2840,5,"Panama","PA"
17828,"PNGDATACOLIMITED-AS-PG",1345,1,"Papua New Guinea","PG"
58460,"DIGICELPNG-AS-AP",3334,2,"Papua New Guinea","PG"
55792,"DATEC-PNG-AS-AP",8774,3,"Papua New Guinea","PG"
139898,"DCL-AS-AP",9534,4,"Papua New Guinea","PG"
63945,"DIGITECPNG-AS-AP",11090,5,"Papua New Guinea","PG"
61512,NULL,876,1,"Paraguay","PY"
28008,NULL,1321,2,"Paraguay","PY"
23201,NULL,1363,3,"Paraguay","PY"
269783,NULL,2033,4,"Paraguay","PY"
28103,NULL,2462,5,"Paraguay","PY"
262253,NULL,979,1,"Peru","PE"
27843,NULL,1140,2,"Peru","PE"
6147,NULL,1728,3,"Peru","PE"
21575,NULL,1818,4,"Peru","PE"
263681,NULL,1822,5,"Peru","PE"
9299,"IPG-AS-AP",241,1,"Philippines","PH"
135607,"INFINIVAN-AS-AP",318,2,"Philippines","PH"
4775,"GLOBE-TELECOM-AS",325,3,"Philippines","PH"
17639,"CONVERGE-AS",521,4,"Philippines","PH"
9658,"ETPI-IDS-AS-AP",794,5,"Philippines","PH"
50263,"IXP-1-IX-EU",70,1,"Poland","PL"
5617,"TPNET",92,2,"Poland","PL"
12741,"AS-NETIA",95,3,"Poland","PL"
201054,"EPIX-PolMix",112,4,"Poland","PL"
20804,"ASN-TELENERGO",116,5,"Poland","PL"
6424,"EDGOO",433,1,"Portugal","PT"
8657,"MEO-INTERNACIONAL",478,2,"Portugal","PT"
2860,"NOS_COMUNICACOES",849,3,"Portugal","PT"
15525,"MEO-EMPRESAS",1300,4,"Portugal","PT"
47787,"EDGOO",1366,5,"Portugal","PT"
21559,"OSNET",662,1,"Puerto Rico","PR"
10396,"COQUI-NET",1024,2,"Puerto Rico","PR"
6208,"FIBERX",1646,3,"Puerto Rico","PR"
23379,"AS-BBT",1691,4,"Puerto Rico","PR"
11992,"LIBERTY-MOB-PR",1746,5,"Puerto Rico","PR"
8781,"QA-ISP",730,1,"Qatar","QA"
48728,"vodafoneqatar",1884,2,"Qatar","QA"
42298,"GCC-MPLS-peering",3654,3,"Qatar","QA"
29384,"Qatar-Foundation",7607,4,"Qatar","QA"
211559,"vodafoneqa-ISP",16823,5,"Qatar","QA"
37451,"CongoTelecom",1902,1,"Republic of the Congo","CG"
37463,"MTN-CONGO",4815,2,"Republic of the Congo","CG"
327829,"SKYTIC-TELECOM",10148,3,"Republic of the Congo","CG"
37550,"airtelcg",14827,4,"Republic of the Congo","CG"
328857,"SILICONEAS",34286,5,"Republic of the Congo","CG"
49902,"SRR-AS",5742,1,"Reunion","RE"
37002,"Reunicable",7444,2,"Reunion","RE"
327697,"TELCO-OI-AS",14752,3,"Reunion","RE"
327956,"PARABOLE-REUNION",15886,4,"Reunion","RE"
34306,"MOBIUS-AS",17889,5,"Reunion","RE"
9009,"M247",53,1,"Romania","RO"
6663,"TTI-NET",66,2,"Romania","RO"
6204,"ZET-NET",109,3,"Romania","RO"
8708,"RCS-RDS",126,4,"Romania","RO"
9050,"RTD",167,5,"Romania","RO"
12389,"ROSTELECOM-AS",17,1,"Russia","RU"
3216,"SOVAM-AS",23,2,"Russia","RU"
31133,"MF-MGSM-AS",27,3,"Russia","RU"
20764,"RASCOM-AS",29,4,"Russia","RU"
20485,"TRANSTELECOM",34,5,"Russia","RU"
327708,"AIRTEL-RW",419,1,"Rwanda","RW"
36890,"MTNRW-ASN",1972,2,"Rwanda","RW"
37228,"Olleh-Rwanda-Networks",2981,3,"Rwanda","RW"
37619,"BSC-AS",3261,4,"Rwanda","RW"
327707,"AIRTEL-RW",5039,5,"Rwanda","RW"
399642,"IDNCOM",11505,1,"Saint Barthelemy","BL"
30077,"GLABTECH",78025,2,"Saint Barthelemy","BL"
399280,"SXMIX",78025,2,"Saint Barthelemy","BL"
11822,"STBARTH-01",78025,2,"Saint Barthelemy","BL"
36290,"THECABLE-STKITTS-01",5094,1,"Saint Kitts and Nevis","KN"
396416,"SKNIX-SERVICES",12115,2,"Saint Kitts and Nevis","KN"
399188,"CITY-WI-FI-INC",30040,3,"Saint Kitts and Nevis","KN"
397382,"ECCB-CENTRALBANK",60490,4,"Saint Kitts and Nevis","KN"
54990,"AS-1337",60490,4,"Saint Kitts and Nevis","KN"
395561,"DIGICEL-GRENADA",5547,1,"Saint Lucia","LC"
33582,"DIGICEL-OECS",6931,2,"Saint Lucia","LC"
15344,"ASN15344-SLU",7975,3,"Saint Lucia","LC"
394469,"DIGICEL-GROUP-BUSINESS",8165,4,"Saint Lucia","LC"
33617,"COMPUTEAZ",17832,5,"Saint Lucia","LC"
393894,"MSR-CABLE-TV",23238,1,"Saint Martin","MF"
395916,"THDTEL",46449,2,"Saint Martin","MF"
988,"COMPUTECH-ASN",66960,3,"Saint Martin","MF"
985,"SMART-IX-SERVICES",78025,4,"Saint Martin","MF"
1007,"SMART-IX-ROUTE-SERVERS",78025,4,"Saint Martin","MF"
40573,"SBT",78025,4,"Saint Martin","MF"
3695,"SPM-TELECOM-1",20775,1,"Saint Pierre and Miquelon","PM"
46408,"COLUMBUS-COMMUNICATION-SVG",15354,1,"Saint Vincent and the Grenadines","VC"
398901,"ITSD-VC-01",66960,2,"Saint Vincent and the Grenadines","VC"
36110,"PIETV-NET",78025,3,"Saint Vincent and the Grenadines","VC"
32055,"SVGIX-ROUTE-SERVER",78025,3,"Saint Vincent and the Grenadines","VC"
38800,"DIGICELSAMOA-WS-AS-AP",3905,1,"Samoa","WS"
17993,"VODAFONESAMOA-AS-AP",6151,2,"Samoa","WS"
38227,"CSLSAMOA-WS-AS-AP",6931,3,"Samoa","WS"
133747,"TRIUMPH-AS-AP",17889,4,"Samoa","WS"
153053,"LTSCL-AS-AP",48146,5,"Samoa","WS"
15433,"Tism",3776,1,"San Marino","SM"
196874,"TELENET-RSM",6929,2,"San Marino","SM"
39759,"Passepartout",18070,3,"San Marino","SM"
48345,"AS-ABAVIA",23088,4,"San Marino","SM"
199325,"SEMPLIFY",30956,5,"San Marino","SM"
328191,"CST-NET-AS",18157,1,"Sao Tome and Principe","ST"
327725,"UnitelSTP",39468,2,"Sao Tome and Principe","ST"
39386,"STC-IGW-AS",296,1,"Saudi Arabia","SA"
48237,"MOBILY-AS",469,2,"Saudi Arabia","SA"
35753,"ITC",477,3,"Saudi Arabia","SA"
35819,"Mobily-AS",526,4,"Saudi Arabia","SA"
25019,"SAUDINETSTC-AS",951,5,"Saudi Arabia","SA"
37288,"WACREN",1231,1,"Senegal","SN"
8346,"SONATEL",1241,2,"Senegal","SN"
37649,"Tigo",5962,3,"Senegal","SN"
37196,"SUDATEL-SENEGAL",8386,4,"Senegal","SN"
327809,"ARC-Informatique",20265,5,"Senegal","SN"
31042,"SERBIA-BROADBAND-AS",155,1,"Serbia","RS"
21215,"UGNI",191,2,"Serbia","RS"
13004,"SOX",251,3,"Serbia","RS"
8400,"TELEKOM-AS",302,4,"Serbia","RS"
15958,"CETIN_doo_AS",1050,5,"Serbia","RS"
202425,"INT-NETWORK",2298,1,"Seychelles","SC"
216213,"Lexistar",3576,2,"Seychelles","SC"
206264,"AMARUTU-TECHNOLOGY",4179,3,"Seychelles","SC"
36902,"ASINTELVISION",6079,4,"Seychelles","SC"
37740,"AS-IPTP",6514,5,"Seychelles","SC"
329109,"ZL5-AS",1988,1,"Sierra Leone","SL"
328297,"Qcell-AS",5990,2,"Sierra Leone","SL"
328581,"Fiber-One",9990,3,"Sierra Leone","SL"
37208,"AFCOM-SL",11118,4,"Sierra Leone","SL"
37164,"ZAIN-SL",14636,5,"Sierra Leone","SL"
7473,"SINGTEL-AS-AP",21,1,"Singapore","SG"
24482,"SGGS-AS-AP",77,2,"Singapore","SG"
64049,"RJIPL-SG",85,3,"Singapore","SG"
4657,"STARHUB-INTERNET",157,4,"Singapore","SG"
23855,"SINGAREN-GIX-AS-AP",304,5,"Singapore","SG"
27781,NULL,6131,1,"Sint Maarten","SX"
262181,NULL,8794,2,"Sint Maarten","SX"
27734,NULL,15757,3,"Sint Maarten","SX"
27974,NULL,78025,4,"Sint Maarten","SX"
59796,"STORMWALL-AS",317,1,"Slovakia","SK"
6855,"SK-TELEKOM",385,2,"Slovakia","SK"
5578,"AS-BENESTRA",425,3,"Slovakia","SK"
31117,"ENERGOTEL-AS",857,4,"Slovakia","SK"
29405,"VNET-AS",1081,5,"Slovakia","SK"
62255,"BEMYLINK",90,1,"Slovenia","SI"
5603,"SIOL-NET",259,2,"Slovenia","SI"
34779,"T-2-AS",456,3,"Slovenia","SI"
9119,"SOFTNET-AS",563,4,"Slovenia","SI"
3212,"TELEMACH",664,5,"Slovenia","SI"
139609,"SISCC-AS-AP",2846,1,"Solomon Islands","SB"
45891,"SBT-AS-AP",5219,2,"Solomon Islands","SB"
132468,"SATSOL-NET-SB",10263,3,"Solomon Islands","SB"
132462,"BEMOBILESI-AS-AP",39468,4,"Solomon Islands","SB"
24013,"SB",48146,5,"Solomon Islands","SB"
327732,"DALKOM-SOMALIA",2644,1,"Somalia","SO"
328469,"Somtel-Somalia-AS",3962,2,"Somalia","SO"
37425,"Somcable",4029,3,"Somalia","SO"
37371,"HORMUUD",5179,4,"Somalia","SO"
328250,"Golis-Telecom-AS",6062,5,"Somalia","SO"
37271,"Workonline",206,1,"South Africa","ZA"
3741,"IS",222,2,"South Africa","ZA"
16637,"MTNNS-AS",258,3,"South Africa","ZA"
5713,"SAIX-NET",334,4,"South Africa","ZA"
37497,"Network-Platforms",617,5,"South Africa","ZA"
4766,"KIXS-AS-KR",52,1,"South Korea","KR"
3786,"LGDACOM",118,2,"South Korea","KR"
9318,"SKB-AS",128,3,"South Korea","KR"
9957,"KINX-AS",514,4,"South Korea","KR"
9848,"SejongTelecom-AS-KR",643,5,"South Korea","KR"
328605,"MUYA-FIBER",2481,1,"South Sudan","SS"
327786,"TELECOM-4G",6540,2,"South Sudan","SS"
37406,"RCS",21336,3,"South Sudan","SS"
36892,"IPTECH",24846,4,"South Sudan","SS"
37594,"MTNSS",27680,5,"South Sudan","SS"
12956,"TELXIUS",15,1,"Spain","ES"
29119,"SERVIHOSTING-AS",174,2,"Spain","ES"
60171,"AFRIX-AS",298,3,"Spain","ES"
12430,"VODAFONE_ES",372,4,"Spain","ES"
12357,"COMUNITEL",412,5,"Spain","ES"
45489,"SLT-GLOBAL",606,1,"Sri Lanka","LK"
18001,"DIALOG-AS",1282,2,"Sri Lanka","LK"
9329,"SLTINT-AS-AP",2062,3,"Sri Lanka","LK"
45356,"MOBITEL-LK",7450,4,"Sri Lanka","LK"
38229,"LEARN-LK",7937,5,"Sri Lanka","LK"
15706,"Sudatel",4054,1,"Sudan","SD"
33788,"KANARTEL",4691,2,"Sudan","SD"
37211,"MAX-NET-FOR-INTERNET-SERVICES",9558,3,"Sudan","SD"
36972,"MTNSD",12329,4,"Sudan","SD"
36998,"SDN-MOBITEL",16903,5,"Sudan","SD"
27775,NULL,3564,1,"Suriname","SR"
52398,NULL,10276,2,"Suriname","SR"
265822,NULL,27680,3,"Suriname","SR"
263799,NULL,35997,4,"Suriname","SR"
272136,NULL,53814,5,"Suriname","SR"
19711,"SWAZINET",2755,1,"Swaziland","SZ"
32398,"REALNET-ASN-1",8787,2,"Swaziland","SZ"
327765,"SwaziMTN-Ltd",18157,3,"Swaziland","SZ"
328169,"SWAZI-MOBILE",27680,4,"Swaziland","SZ"
37510,"POSIX-SZ",27680,4,"Swaziland","SZ"
1299,"TWELVE99",2,1,"Sweden","SE"
12552,"IPO-EU",144,2,"Sweden","SE"
1257,"SWIPNET",223,3,"Sweden","SE"
3301,"TELIANET-SWEDEN",393,4,"Sweden","SE"
42708,"GLESYS",409,5,"Sweden","SE"
3303,"SWISSCOM",79,1,"Switzerland","CH"
6730,"SUNRISE",173,2,"Switzerland","CH"
13030,"INIT7",205,3,"Switzerland","CH"
34927,"iFog-GmbH",307,4,"Switzerland","CH"
25091,"IP-Max",333,5,"Switzerland","CH"
29386,"EXT-PDN-STE-AS",5689,1,"Syria","SY"
29256,"INT-PDN-STE-AS",7472,2,"Syria","SY"
214707,"Rcell",26529,3,"Syria","SY"
201550,"EXT-PDN-STE-AS",53814,4,"Syria","SY"
213812,"alfateh",78025,5,"Syria","SY"
24814,"SCS-AS",78025,5,"Syria","SY"
48065,"Syriatel-AS",78025,5,"Syria","SY"
10133,"TPIX-AS-TW",381,1,"Taiwan","TW"
3462,"HINET",394,2,"Taiwan","TW"
9680,"HINETUSA",401,3,"Taiwan","TW"
9505,"TWGATE-AP",440,4,"Taiwan","TW"
4780,"SEEDNET",503,5,"Taiwan","TW"
51346,"TOJIKTELECOM-AS",1409,1,"Tajikistan","TJ"
208592,"AS-AVESTONET",2007,2,"Tajikistan","TJ"
43197,"TT-Mobile-AS",3128,3,"Tajikistan","TJ"
57443,"OSHNOGROUP-AS",3550,4,"Tajikistan","TJ"
24722,"Babilon-AS",3786,5,"Tajikistan","TJ"
37035,"MIC-AS",749,1,"Tanzania","TZ"
37084,"simbanet-tz",1138,2,"Tanzania","TZ"
33765,"TTCLDATA",1287,3,"Tanzania","TZ"
37133,"airtel-tz-as",1370,4,"Tanzania","TZ"
36908,"VTL-ASN",1767,5,"Tanzania","TZ"
4651,"THAI-GATEWAY",192,1,"Thailand","TH"
45430,"SBN-AWN-IIG-AS-AP",204,2,"Thailand","TH"
38082,"IIT-TIG-AS-AP",260,3,"Thailand","TH"
45629,"JASTEL-NETWORK-TH-AP",308,4,"Thailand","TH"
132876,"SYMPHONY-AP-TH",343,5,"Thailand","TH"
24691,"TOGOTEL-AS",12435,1,"Togo","TG"
30982,"CAFENET",18157,2,"Togo","TG"
328282,"TEOLIS-SAU",22038,3,"Togo","TG"
37229,"ATLANTIQUE-TELECOM-TG",26529,4,"Togo","TG"
328859,"HOSTEUR-AS",39468,5,"Togo","TG"
328293,"RDED-AS",39468,5,"Togo","TG"
329010,"SDN1-AS",39468,5,"Togo","TG"
55523,"TELETOK-AS-AP",39468,1,"Tokelau","TK"
57382,"TK1",53814,2,"Tokelau","TK"
198147,"TK2",53814,2,"Tokelau","TK"
132579,"TONGACABLELIMITED-AS-AP",9362,1,"Tonga","TO"
38198,"DIGICELNET-TO",9787,2,"Tonga","TO"
38201,"KALIANET-PUBLIC-AS-AP",20486,3,"Tonga","TO"
132831,"TOKOWIRELESSLTD-AS-AP",26529,4,"Tonga","TO"
140987,"GOTMOM-AS-AP",78025,5,"Tonga","TO"
27665,NULL,2209,1,"Trinidad and Tobago","TT"
5639,NULL,4064,2,"Trinidad and Tobago","TT"
27789,NULL,6037,3,"Trinidad and Tobago","TT"
264811,NULL,6787,4,"Trinidad and Tobago","TT"
27924,NULL,8634,5,"Trinidad and Tobago","TT"
37693,"TUNISIANA",2058,1,"Tunisia","TN"
2609,"TN-BB-AS",2184,2,"Tunisia","TN"
37492,"ORANGE-TN",2682,3,"Tunisia","TN"
5438,"ATI-TN",3192,4,"Tunisia","TN"
327934,"Tunisie-Telecom",5663,5,"Tunisia","TN"
9121,"TTNet",38,1,"Turkey","TR"
34984,"TELLCOM-AS",102,2,"Turkey","TR"
15924,"BORUSANTELEKOM-AS",233,3,"Turkey","TR"
12735,"ASTurkNet",358,4,"Turkey","TR"
208972,"gibirnet-tr",359,5,"Turkey","TR"
20661,"TurkmenTelecom-AS",3784,1,"Turkmenistan","TM"
51495,"AGTS-AS",11437,2,"Turkmenistan","TM"
204579,"TH",39468,3,"Turkmenistan","TM"
59974,"TMCELL-NET",66960,4,"Turkmenistan","TM"
205471,"CDMA-AGTS-AS",66960,4,"Turkmenistan","TM"
201558,"TFEB-AS",66960,4,"Turkmenistan","TM"
215487,"Tehnomerkez",66960,4,"Turkmenistan","TM"
22933,"TCIGATEWAY",16985,1,"Turks and Caicos Islands","TC"
394311,"DIGTCI",20516,2,"Turks and Caicos Islands","TC"
23917,"TTC-AS-AP",45324,1,"Tuvalu","TV"
142573,"TUVALU-AS-AP",78025,2,"Tuvalu","TV"
133117,"TTC-AS-AP",78025,2,"Tuvalu","TV"
14434,"VIPNAS1",5863,1,"U.S. Virgin Islands","VI"
393275,"VINGN-VIRGIN-ISLANDS-NEXT-GENERATION-NETWORK",6587,2,"U.S. Virgin Islands","VI"
22581,"ACE-STX",7736,3,"U.S. Virgin Islands","VI"
20243,"UVI",13766,4,"U.S. Virgin Islands","VI"
400992,"ZHOUYISAT-COMMUNICATIONS",22618,5,"U.S. Virgin Islands","VI"
37273,"BCS",883,1,"Uganda","UG"
20294,"MTN-UG",1324,2,"Uganda","UG"
37075,"ZAINUGAS",1468,3,"Uganda","UG"
327727,"C-SQUARED",1956,4,"Uganda","UG"
328198,"BLUECRANE",2793,5,"Uganda","UG"
3326,"Datagroup",108,1,"Ukraine","UA"
35297,"DATALINE-AS",113,2,"Ukraine","UA"
35320,"ETT-AS",131,3,"Ukraine","UA"
3255,"UARNET-AS",179,4,"Ukraine","UA"
197563,"GNMUA-AS",200,5,"Ukraine","UA"
8966,"Etisalat-AS",142,1,"United Arab Emirates","AE"
59692,"IQWEB",310,2,"United Arab Emirates","AE"
59605,"Zain Omantel International (ZOI)",445,3,"United Arab Emirates","AE"
15802,"DU-AS1",616,4,"United Arab Emirates","AE"
60051,"Earthlink-dmcc",732,5,"United Arab Emirates","AE"
9002,"RETN-AS",11,1,"United Kingdom","GB"
15412,"FLAG-AS",37,2,"United Kingdom","GB"
8220,"COLT",39,3,"United Kingdom","GB"
3223,"VOXILITY",89,4,"United Kingdom","GB"
41095,"IPTP",105,5,"United Kingdom","GB"
3356,"LEVEL3",1,1,"United States","US"
174,"COGENT-174",3,2,"United States","US"
3257,"GTT-BACKBONE",4,3,"United States","US"
2914,"NTT-DATA-2914",5,4,"United States","US"
6939,"HURRICANE",6,5,"United States","US"
6057,NULL,153,1,"Uruguay","UY"
27750,NULL,1159,2,"Uruguay","UY"
19422,NULL,3260,3,"Uruguay","UY"
20255,NULL,3337,4,"Uruguay","UY"
20002,NULL,6346,5,"Uruguay","UY"
28910,"INTAL-ASN",293,1,"Uzbekistan","UZ"
34250,"UZTELECOM-AS",856,2,"Uzbekistan","UZ"
34718,"TPSUZ-AS",1230,3,"Uzbekistan","UZ"
43060,"IPLUS-AS",2406,4,"Uzbekistan","UZ"
8193,"BRM-AS",4739,5,"Uzbekistan","UZ"
45495,"INTERCHANGE-AS-VU-AP",3996,1,"Vanuatu","VU"
136996,"PACIFICNETWORKS-AS-AP",11505,2,"Vanuatu","VU"
133383,"VANGOV-AS-AP",12115,3,"Vanuatu","VU"
9249,"VUTELECOM-AS01-VU-AP",19080,4,"Vanuatu","VU"
43357,"OWL",20699,5,"Vanuatu","VU"
8978,"ASN-HOLYSEE",17434,1,"Vatican","VA"
202865,"SPC",34778,2,"Vatican","VA"
61160,"ASN-VATLIB",49698,3,"Vatican","VA"
21826,NULL,887,1,"Venezuela","VE"
61461,NULL,986,2,"Venezuela","VE"
263703,NULL,1022,3,"Venezuela","VE"
8048,NULL,1320,4,"Venezuela","VE"
27717,NULL,1567,5,"Venezuela","VE"
18403,"FPT-AS-AP",177,1,"Vietnam","VN"
7552,"VIETEL-AS-AP",199,2,"Vietnam","VN"
45899,"VNPT-AS-VN",245,3,"Vietnam","VN"
45903,"CMCTELECOM-AS-VN",286,4,"Vietnam","VN"
38731,"VTDC-AS-VN",549,5,"Vietnam","VN"
45879,"OWF-AS-AP",22987,1,"Wallis and Futuna","WF"
30873,"PTC-YemenNet",12489,1,"Yemen","YE"
12486,"TeleYemen",18744,2,"Yemen","YE"
204317,"Adennet",24486,3,"Yemen","YE"
51140,"MTN-YEMEN",78025,4,"Yemen","YE"
212951,"sabaon-as",78025,4,"Yemen","YE"
201051,"YM",78025,4,"Yemen","YE"
37154,"ZAMTEL",3219,1,"Zambia","ZM"
36962,"MTNZ-AS",3566,2,"Zambia","ZM"
7420,"ZAMNET-AS",9095,3,"Zambia","ZM"
37287,"ZAIN-ZAMBIA",12298,4,"Zambia","ZM"
37532,"ZAMREN",13069,5,"Zambia","ZM"
37204,"TELONE",1538,1,"Zimbabwe","ZW"
37183,"UTANDE",3716,2,"Zimbabwe","ZW"
329006,"DZL1-AS",5431,3,"Zimbabwe","ZW"
37332,"ZOL",7659,4,"Zimbabwe","ZW"
37184,"POWERTEL",8689,5,"Zimbabwe","ZW"
270331,NULL,3084,1,NULL,NULL
262509,NULL,4327,2,NULL,NULL
268895,NULL,4362,3,NULL,NULL
262743,NULL,4553,4,NULL,NULL
267460,NULL,4596,5,NULL,NULL
